postcode,area_code,area_name,locality,lon,lat
M15 4AB,E05000825,Clifford,North,-2.26046,53.465578
M15 4AD,E05000825,Clifford,North,-2.260757,53.464903
M15 4AG,E05000825,Clifford,North,-2.257546,53.46207
M15 4AJ,E05000825,Clifford,North,-2.262773,53.457321
M15 4AL,E05000825,Clifford,North,-2.258379,53.462769
M15 4AN,E05000825,Clifford,North,-2.258558,53.462571
M15 4AQ,E05000825,Clifford,North,-2.257546,53.46207
M15 4AS,E05000825,Clifford,North,-2.257227,53.461621
M15 4AT,E05000825,Clifford,North,-2.257227,53.461621
M15 4AZ,E05000825,Clifford,North,-2.256355,53.461794
M15 4BA,E05000825,Clifford,North,-2.256355,53.461794
M15 4BF,E05000825,Clifford,North,-2.264138,53.466001
M15 4BG,E05000825,Clifford,North,-2.263445,53.466084
M15 4BH,E05000825,Clifford,North,-2.263519,53.465769
M15 4BJ,E05000825,Clifford,North,-2.263863,53.465463
M15 4BL,E05000825,Clifford,North,-2.263529,53.46505
M15 4BN,E05000825,Clifford,North,-2.261891,53.46571
M15 4BT,E05000825,Clifford,North,-2.262474,53.464971
M15 4BU,E05000825,Clifford,North,-2.261226,53.465325
M15 4BX,E05000825,Clifford,North,-2.261697,53.466068
M15 4BY,E05000825,Clifford,North,-2.262599,53.46569
M15 4BZ,E05000825,Clifford,North,-2.26325,53.466353
M15 4DA,E05000825,Clifford,North,-2.261814,53.465332
M15 4DE,E05000825,Clifford,North,-2.262017,53.466715
M15 4ED,E05000825,Clifford,North,-2.26445,53.467744
M15 4EE,E05000825,Clifford,North,-2.265405,53.46874
M15 4EF,E05000825,Clifford,North,-2.265998,53.467283
M15 4EH,E05000825,Clifford,North,-2.265484,53.466888
M15 4EJ,E05000825,Clifford,North,-2.266055,53.466662
M15 4EP,E05000825,Clifford,North,-2.263932,53.466802
M15 4EZ,E05000825,Clifford,North,-2.265438,53.469144
M15 4FB,E05000825,Clifford,North,-2.266127,53.466213
M15 4FD,E05000825,Clifford,North,-2.264637,53.466484
M15 4FE,E05000825,Clifford,North,-2.264673,53.467321
M15 4FF,E05000825,Clifford,North,-2.264673,53.467321
M15 4FH,E05000825,Clifford,North,-2.266055,53.466662
M15 4FJ,E05000825,Clifford,North,-2.265705,53.466203
M15 4FL,E05000825,Clifford,North,-2.265141,53.465109
M15 4FP,E05000825,Clifford,North,-2.259867,53.464752
M15 4FU,E05000825,Clifford,North,-2.261211,53.465307
M15 4FW,E05000825,Clifford,North,-2.266599,53.469438
M15 4GF,E05000825,Clifford,North,-2.261041,53.464615
M15 4GH,E05000825,Clifford,North,-2.260914,53.465937
M15 4GW,E05000825,Clifford,North,-2.261684,53.466482
M15 4GX,E05000825,Clifford,North,-2.262773,53.457321
M15 4JL,E05000825,Clifford,North,-2.264557,53.465757
M15 4JN,E05000825,Clifford,North,-2.265357,53.465837
M15 4LS,E05000825,Clifford,North,-2.262773,53.457321
M15 4ND,E05000825,Clifford,North,-2.269612,53.469432
M15 4NE,E05000825,Clifford,North,-2.269763,53.469422
M15 4NF,E05000825,Clifford,North,-2.2681,53.468536
M15 4PE,E05000825,Clifford,North,-2.262773,53.457321
M15 4PF,E05000825,Clifford,North,-2.262773,53.457321
M15 4PL,E05000825,Clifford,North,-2.262773,53.457321
M15 4QZ,E05000825,Clifford,North,-2.266688,53.471756
M15 4RD,E05000825,Clifford,North,-2.262773,53.457321
M15 4RR,E05000825,Clifford,North,-2.266132,53.471982
M15 4SF,E05000825,Clifford,North,-2.262773,53.457321
M15 4SG,E05000825,Clifford,North,-2.261772,53.466104
M15 4TS,E05000825,Clifford,North,-2.262773,53.457321
M15 4WD,E05000825,Clifford,North,-2.26892,53.469514
M15 4WF,E05000825,Clifford,North,-2.262773,53.457321
M15 4WJ,E05000825,Clifford,North,-2.262773,53.457321
M15 4WN,E05000825,Clifford,North,-2.262773,53.457321
M15 4WS,E05000825,Clifford,North,-2.262773,53.457321
M15 4WU,E05000825,Clifford,North,-2.262773,53.457321
M15 4WZ,E05000825,Clifford,North,-2.262773,53.457321
M15 4XA,E05000825,Clifford,North,-2.262773,53.457321
M15 4XB,E05000825,Clifford,North,-2.262773,53.457321
M15 4XD,E05000825,Clifford,North,-2.262773,53.457321
M15 4XE,E05000825,Clifford,North,-2.262773,53.457321
M15 4XF,E05000825,Clifford,North,-2.262773,53.457321
M15 4XG,E05000825,Clifford,North,-2.262773,53.457321
M15 4XH,E05000825,Clifford,North,-2.262773,53.457321
M15 4XJ,E05000825,Clifford,North,-2.262773,53.457321
M15 4XQ,E05000825,Clifford,North,-2.262773,53.457321
M15 4XR,E05000825,Clifford,North,-2.262773,53.457321
M15 4XS,E05000825,Clifford,North,-2.262773,53.457321
M15 4XT,E05000825,Clifford,North,-2.262773,53.457321
M15 4XU,E05000825,Clifford,North,-2.262773,53.457321
M15 4XW,E05000825,Clifford,North,-2.262773,53.457321
M15 4XX,E05000825,Clifford,North,-2.262773,53.457321
M15 4XY,E05000825,Clifford,North,-2.262773,53.457321
M15 4XZ,E05000825,Clifford,North,-2.262773,53.457321
M15 4ZZ,E05000825,Clifford,North,-2.262773,53.457321
M15 5AG,E05000825,Clifford,North,-2.262773,53.457321
M15 5BA,E05000825,Clifford,North,-2.262773,53.457338
M15 5BE,E05000825,Clifford,North,-2.262773,53.457321
M15 5BR,E05000825,Clifford,North,-2.262773,53.457321
M15 5DB,E05000825,Clifford,North,-2.262773,53.457321
M15 5HJ,E05000825,Clifford,North,-2.262773,53.457321
M15 5HL,E05000825,Clifford,North,-2.262773,53.457321
M15 5HW,E05000825,Clifford,North,-2.262773,53.457321
M15 5JU,E05000825,Clifford,North,-2.262773,53.457321
M15 5NF,E05000825,Clifford,North,-2.262773,53.457321
M15 5PE,E05000825,Clifford,North,-2.254219,53.460017
M15 5PF,E05000825,Clifford,North,-2.262773,53.457321
M15 5PP,E05000825,Clifford,North,-2.257892,53.459462
M15 5PQ,E05000825,Clifford,North,-2.256537,53.459734
M15 5PW,E05000825,Clifford,North,-2.253982,53.460674
M15 5PY,E05000825,Clifford,North,-2.254889,53.460997
M15 5QA,E05000825,Clifford,North,-2.254594,53.462049
M15 5QB,E05000825,Clifford,North,-2.253615,53.46197
M15 5QD,E05000825,Clifford,North,-2.254275,53.461547
M15 5QE,E05000825,Clifford,North,-2.255133,53.461473
M15 5QG,E05000825,Clifford,North,-2.254212,53.461052
M15 5QP,E05000825,Clifford,North,-2.262773,53.457321
M15 5SL,E05000825,Clifford,North,-2.262773,53.457321
M15 5TU,E05000825,Clifford,North,-2.262773,53.457321
M15 5TZ,E05000825,Clifford,North,-2.262773,53.457321
M15 5UU,E05000825,Clifford,North,-2.262773,53.457321
M15 5UW,E05000825,Clifford,North,-2.262773,53.457321
M15 5UX,E05000825,Clifford,North,-2.262773,53.457321
M15 5UY,E05000825,Clifford,North,-2.262773,53.457321
M15 5UZ,E05000825,Clifford,North,-2.262773,53.457321
M15 5WA,E05000825,Clifford,North,-2.262773,53.457321
M15 5WE,E05000825,Clifford,North,-2.262773,53.457321
M15 5WF,E05000825,Clifford,North,-2.262773,53.457321
M15 5WG,E05000825,Clifford,North,-2.262773,53.457321
M15 5WH,E05000825,Clifford,North,-2.262773,53.457321
M15 5WJ,E05000825,Clifford,North,-2.262773,53.457321
M15 5WN,E05000825,Clifford,North,-2.262773,53.457321
M15 5WP,E05000825,Clifford,North,-2.262773,53.457321
M15 5WQ,E05000825,Clifford,North,-2.262773,53.457321
M15 5WR,E05000825,Clifford,North,-2.262773,53.457321
M15 5WS,E05000825,Clifford,North,-2.262773,53.457321
M15 5WT,E05000825,Clifford,North,-2.262773,53.457321
M15 5WW,E05000825,Clifford,North,-2.262773,53.457321
M15 5WY,E05000825,Clifford,North,-2.262773,53.457321
M15 5WZ,E05000825,Clifford,North,-2.262773,53.457321
M15 5XA,E05000825,Clifford,North,-2.262773,53.457321
M15 5XB,E05000825,Clifford,North,-2.262773,53.457321
M15 5XD,E05000825,Clifford,North,-2.262773,53.457321
M15 5XJ,E05000825,Clifford,North,-2.262773,53.457321
M15 5XL,E05000825,Clifford,North,-2.262773,53.457321
M15 5XN,E05000825,Clifford,North,-2.262773,53.457321
M15 5XT,E05000825,Clifford,North,-2.262773,53.457321
M15 5XU,E05000825,Clifford,North,-2.262773,53.457321
M15 5XW,E05000825,Clifford,North,-2.262773,53.457321
M15 5XX,E05000825,Clifford,North,-2.262773,53.457321
M15 5XY,E05000825,Clifford,North,-2.262773,53.457321
M15 5XZ,E05000825,Clifford,North,-2.262773,53.457321
M15 5YY,E05000825,Clifford,North,-2.262773,53.457321
M15 5YZ,E05000825,Clifford,North,-2.262773,53.457321
M15 5ZU,E05000825,Clifford,North,-2.262773,53.457321
M15 6GJ,E05000825,Clifford,North,-2.262773,53.457321
M15 6JB,E05000825,Clifford,North,-2.262773,53.457321
M15 6LJ,E05000825,Clifford,North,-2.262773,53.457321
M15 6NX,E05000825,Clifford,North,-2.262773,53.457321
M15 6WA,E05000825,Clifford,North,-2.262773,53.457321
M15 6WB,E05000825,Clifford,North,-2.262773,53.457321
M15 6WD,E05000825,Clifford,North,-2.262773,53.457321
M15 6WE,E05000825,Clifford,North,-2.262773,53.457321
M15 6WF,E05000825,Clifford,North,-2.262773,53.457321
M15 6WQ,E05000825,Clifford,North,-2.262773,53.457321
M15 6WT,E05000825,Clifford,North,-2.262773,53.457321
M15 6WU,E05000825,Clifford,North,-2.262773,53.457321
M15 6WW,E05000825,Clifford,North,-2.262773,53.457321
M15 6XA,E05000825,Clifford,North,-2.262773,53.457321
M15 6XB,E05000825,Clifford,North,-2.262773,53.457321
M15 6XD,E05000825,Clifford,North,-2.262773,53.457321
M15 6ZZ,E05000825,Clifford,North,-2.262773,53.457321
M16 0AU,E05000825,Clifford,North,-2.262773,53.457321
M16 0AX,E05000832,Longford,North,-2.283606,53.460186
M16 0AZ,E05000825,Clifford,North,-2.262773,53.457321
M16 0BA,E05000825,Clifford,North,-2.277315,53.46563
M16 0BE,E05000825,Clifford,North,-2.271095,53.451532
M16 0BJ,E05000825,Clifford,North,-2.270928,53.451326
M16 0BL,E05000825,Clifford,North,-2.271723,53.450911
M16 0BN,E05000825,Clifford,North,-2.27228,53.450864
M16 0DD,E05000832,Longford,North,-2.286857,53.45999
M16 0DG,E05000825,Clifford,North,-2.271626,53.452133
M16 0DJ,E05000832,Longford,North,-2.27851,53.461681
M16 0DL,E05000825,Clifford,North,-2.262773,53.457321
M16 0DN,E05000825,Clifford,North,-2.272764,53.451178
M16 0DP,E05000825,Clifford,North,-2.272118,53.451476
M16 0DQ,E05000825,Clifford,North,-2.271398,53.451828
M16 0DR,E05000825,Clifford,North,-2.27178,53.45278
M16 0DS,E05000825,Clifford,North,-2.27282,53.45283
M16 0DT,E05000832,Longford,North,-2.273564,53.451464
M16 0DU,E05000832,Longford,North,-2.2741,53.452883
M16 0DW,E05000832,Longford,North,-2.274544,53.451694
M16 0DX,E05000832,Longford,North,-2.273955,53.451319
M16 0DY,E05000832,Longford,North,-2.273455,53.450871
M16 0EE,E05000825,Clifford,North,-2.262773,53.457321
M16 0EG,E05000832,Longford,North,-2.277158,53.453082
M16 0EJ,E05000832,Longford,North,-2.275465,53.456664
M16 0EL,E05000832,Longford,North,-2.276521,53.454657
M16 0EN,E05000832,Longford,North,-2.274722,53.453627
M16 0EP,E05000832,Longford,North,-2.27614,53.451575
M16 0EQ,E05000832,Longford,North,-2.277639,53.452928
M16 0ER,E05000825,Clifford,North,-2.262773,53.457321
M16 0ES,E05000832,Longford,North,-2.275539,53.454138
M16 0ET,E05000832,Longford,North,-2.274374,53.453296
M16 0EU,E05000832,Longford,North,-2.278573,53.452962
M16 0EW,E05000832,Longford,North,-2.27621,53.453147
M16 0EX,E05000832,Longford,North,-2.278292,53.451462
M16 0EY,E05000832,Longford,North,-2.282565,53.450921
M16 0EZ,E05000832,Longford,North,-2.280968,53.450772
M16 0FF,E05000832,Longford,North,-2.275189,53.456007
M16 0FG,E05000825,Clifford,North,-2.27405,53.456838
M16 0FH,E05000832,Longford,North,-2.277066,53.452813
M16 0FJ,E05000825,Clifford,North,-2.274001,53.456182
M16 0FL,E05000832,Longford,North,-2.276534,53.454324
M16 0FN,E05000832,Longford,North,-2.275682,53.450668
M16 0FP,E05000832,Longford,North,-2.276353,53.451898
M16 0FQ,E05000825,Clifford,North,-2.27405,53.456838
M16 0FR,E05000832,Longford,North,-2.275527,53.45234
M16 0FS,E05000832,Longford,North,-2.277033,53.452337
M16 0FT,E05000832,Longford,North,-2.274937,53.454238
M16 0FU,E05000832,Longford,North,-2.279002,53.451739
M16 0FW,E05000832,Longford,North,-2.275414,53.451172
M16 0FX,E05000832,Longford,North,-2.282247,53.450653
M16 0FY,E05000832,Longford,North,-2.281593,53.449737
M16 0FZ,E05000832,Longford,North,-2.282227,53.449969
M16 0GA,E05000832,Longford,North,-2.276964,53.450979
M16 0GB,E05000832,Longford,North,-2.275496,53.454514
M16 0GD,E05000832,Longford,North,-2.286292,53.458795
M16 0GE,E05000832,Longford,North,-2.275805,53.45331
M16 0GF,E05000832,Longford,North,-2.280418,53.449641
M16 0GG,E05000832,Longford,North,-2.284375,53.449146
M16 0GH,E05000832,Longford,North,-2.28079,53.453505
M16 0GJ,E05000832,Longford,North,-2.279786,53.451926
M16 0GL,E05000832,Longford,North,-2.281866,53.463543
M16 0GN,E05000825,Clifford,North,-2.262773,53.457321
M16 0GP,E05000832,Longford,North,-2.286857,53.45999
M16 0GQ,E05000832,Longford,North,-2.283372,53.452259
M16 0GR,E05000832,Longford,North,-2.281652,53.453979
M16 0GS,E05000832,Longford,North,-2.284835,53.459454
M16 0GT,E05000832,Longford,North,-2.286128,53.461304
M16 0GU,E05000832,Longford,North,-2.287757,53.461668
M16 0GW,E05000832,Longford,North,-2.287227,53.46121
M16 0GX,E05000829,Gorse Hill,North,-2.287628,53.460401
M16 0GY,E05000832,Longford,North,-2.285895,53.460208
M16 0GZ,E05000832,Longford,North,-2.28467,53.454952
M16 0HA,E05000832,Longford,North,-2.283745,53.449427
M16 0HB,E05000832,Longford,North,-2.285176,53.449603
M16 0HD,E05000832,Longford,North,-2.285457,53.451004
M16 0HE,E05000832,Longford,North,-2.285264,53.451436
M16 0HF,E05000832,Longford,North,-2.285122,53.452677
M16 0HG,E05000832,Longford,North,-2.285031,53.454853
M16 0HH,E05000832,Longford,North,-2.285395,53.453009
M16 0HJ,E05000832,Longford,North,-2.277066,53.452813
M16 0HL,E05000825,Clifford,North,-2.262773,53.457321
M16 0HN,E05000825,Clifford,North,-2.262773,53.457321
M16 0HP,E05000832,Longford,North,-2.278607,53.462679
M16 0HQ,E05000832,Longford,North,-2.283606,53.460186
M16 0HR,E05000832,Longford,North,-2.279249,53.452664
M16 0HS,E05000832,Longford,North,-2.28074,53.452705
M16 0HT,E05000832,Longford,North,-2.2811,53.452561
M16 0HU,E05000832,Longford,North,-2.281641,53.452335
M16 0HW,E05000825,Clifford,North,-2.262773,53.457321
M16 0HX,E05000832,Longford,North,-2.282153,53.452414
M16 0HY,E05000832,Longford,North,-2.282544,53.452216
M16 0HZ,E05000832,Longford,North,-2.284124,53.452176
M16 0JA,E05000832,Longford,North,-2.284391,53.451591
M16 0JB,E05000832,Longford,North,-2.284736,53.45133
M16 0JD,E05000832,Longford,North,-2.283633,53.453058
M16 0JE,E05000832,Longford,North,-2.284132,53.453345
M16 0JF,E05000832,Longford,North,-2.285173,53.453603
M16 0JG,E05000832,Longford,North,-2.281941,53.454464
M16 0JH,E05000832,Longford,North,-2.285325,53.453818
M16 0JJ,E05000825,Clifford,North,-2.277315,53.46563
M16 0JL,E05000832,Longford,North,-2.277081,53.452804
M16 0JN,E05000832,Longford,North,-2.28545,53.454492
M16 0JP,E05000832,Longford,North,-2.286652,53.454067
M16 0JQ,E05000832,Longford,North,-2.280912,53.45373
M16 0JR,E05000832,Longford,North,-2.28667,53.454534
M16 0JS,E05000832,Longford,North,-2.28458,53.455015
M16 0JT,E05000832,Longford,North,-2.283887,53.455035
M16 0JU,E05000832,Longford,North,-2.28458,53.455015
M16 0JW,E05000832,Longford,North,-2.284071,53.45543
M16 0JX,E05000832,Longford,North,-2.27558,53.46043
M16 0JY,E05000832,Longford,North,-2.283171,53.455963
M16 0JZ,E05000832,Longford,North,-2.283812,53.455053
M16 0LA,E05000832,Longford,North,-2.277074,53.458628
M16 0LB,E05000832,Longford,North,-2.278518,53.45609
M16 0LD,E05000832,Longford,North,-2.27466,53.457995
M16 0LE,E05000832,Longford,North,-2.276446,53.459411
M16 0LF,E05000832,Longford,North,-2.27652,53.456742
M16 0LG,E05000832,Longford,North,-2.275831,53.457364
M16 0LH,E05000832,Longford,North,-2.27673,53.46129
M16 0LJ,E05000832,Longford,North,-2.275641,53.460663
M16 0LL,E05000832,Longford,North,-2.27558,53.46043
M16 0LN,E05000832,Longford,North,-2.276328,53.459655
M16 0LP,E05000832,Longford,North,-2.277053,53.459959
M16 0LQ,E05000832,Longford,North,-2.274679,53.458634000000004
M16 0LR,E05000832,Longford,North,-2.276006,53.461175
M16 0LS,E05000832,Longford,North,-2.276764,53.455007
M16 0LT,E05000832,Longford,North,-2.276084,53.456887
M16 0LU,E05000832,Longford,North,-2.277166,53.456561
M16 0LW,E05000832,Longford,North,-2.275745,53.458074
M16 0LX,E05000832,Longford,North,-2.278246,53.455911
M16 0LY,E05000832,Longford,North,-2.277608,53.455104
M16 0LZ,E05000832,Longford,North,-2.276888,53.455537
M16 0NA,E05000832,Longford,North,-2.275413,53.455684
M16 0NB,E05000832,Longford,North,-2.275474,53.46043
M16 0ND,E05000832,Longford,North,-2.275029,53.459056
M16 0NE,E05000832,Longford,North,-2.275568,53.458632
M16 0NF,E05000832,Longford,North,-2.275686,53.455998
M16 0NG,E05000832,Longford,North,-2.276406,53.457776
M16 0NH,E05000832,Longford,North,-2.276819,53.458827
M16 0NJ,E05000832,Longford,North,-2.278167,53.459992
M16 0NL,E05000832,Longford,North,-2.282599,53.456062
M16 0NN,E05000832,Longford,North,-2.278507,53.458922
M16 0NP,E05000832,Longford,North,-2.281771,53.458357
M16 0NQ,E05000832,Longford,North,-2.276949,53.457883
M16 0NR,E05000832,Longford,North,-2.280723,53.459294
M16 0NS,E05000832,Longford,North,-2.278377,53.45752
M16 0NT,E05000832,Longford,North,-2.280693,53.457065
M16 0NU,E05000825,Clifford,North,-2.262773,53.457321
M16 0NW,E05000832,Longford,North,-2.278742,53.458013
M16 0NX,E05000832,Longford,North,-2.28158,53.45682
M16 0NY,E05000832,Longford,North,-2.284586,53.455914
M16 0NZ,E05000832,Longford,North,-2.275413,53.460349
M16 0PA,E05000832,Longford,North,-2.28461,53.45951
M16 0PB,E05000825,Clifford,North,-2.262773,53.457321
M16 0PD,E05000832,Longford,North,-2.285001,53.459437
M16 0PE,E05000832,Longford,North,-2.278915,53.461526
M16 0PF,E05000825,Clifford,North,-2.276525,53.462279
M16 0PG,E05000832,Longford,North,-2.284235,53.459762
M16 0PH,E05000832,Longford,North,-2.280104,53.461318
M16 0PJ,E05000832,Longford,North,-2.277112,53.452921
M16 0PL,E05000832,Longford,North,-2.281938,53.460855
M16 0PN,E05000832,Longford,North,-2.282058,53.4608
M16 0PP,E05000832,Longford,North,-2.282328,53.460648
M16 0PQ,E05000832,Longford,North,-2.283606,53.460186
M16 0PR,E05000825,Clifford,North,-2.262773,53.457321
M16 0PS,E05000832,Longford,North,-2.275574,53.459531
M16 0PT,E05000832,Longford,North,-2.286292,53.458795
M16 0PU,E05000832,Longford,North,-2.285023,53.458178
M16 0PW,E05000832,Longford,North,-2.280956,53.460336
M16 0PX,E05000832,Longford,North,-2.287336,53.457273
M16 0PY,E05000832,Longford,North,-2.277066,53.452813
M16 0PZ,E05000825,Clifford,North,-2.262773,53.457321
M16 0QA,E05000832,Longford,North,-2.275139,53.462174
M16 0QB,E05000825,Clifford,North,-2.262773,53.457321
M16 0QD,E05000832,Longford,North,-2.285006,53.46012
M16 0QE,E05000832,Longford,North,-2.277112,53.452921
M16 0QF,E05000832,Longford,North,-2.283606,53.460186
M16 0QG,E05000829,Gorse Hill,North,-2.2886320000000002,53.46181
M16 0QH,E05000829,Gorse Hill,North,-2.289153,53.463094
M16 0QJ,E05000832,Longford,North,-2.27398,53.462321
M16 0QL,E05000832,Longford,North,-2.275846,53.462047
M16 0QN,E05000832,Longford,North,-2.27565,53.462047
M16 0QP,E05000832,Longford,North,-2.28011,53.462217
M16 0QQ,E05000832,Longford,North,-2.286462,53.459442
M16 0QR,E05000832,Longford,North,-2.277158,53.453082
M16 0QS,E05000832,Longford,North,-2.286295,53.461492
M16 0QT,E05000832,Longford,North,-2.286001,53.460243
M16 0QU,E05000832,Longford,North,-2.286128,53.461304
M16 0QW,E05000825,Clifford,North,-2.276587,53.46245
M16 0QX,E05000832,Longford,North,-2.286341,53.459272
M16 0QY,E05000832,Longford,North,-2.286116,53.459506
M16 0QZ,E05000832,Longford,North,-2.277081,53.452804
M16 0RA,E05000829,Gorse Hill,North,-2.291032,53.462559
M16 0RB,E05000832,Longford,North,-2.277053,53.459959
M16 0RD,E05000825,Clifford,North,-2.262773,53.457321
M16 0RE,E05000825,Clifford,North,-2.262773,53.457321
M16 0RF,E05000832,Longford,North,-2.28761,53.457705
M16 0RG,E05000829,Gorse Hill,North,-2.292153,53.461289
M16 0RH,E05000832,Longford,North,-2.277066,53.452813
M16 0RJ,E05000829,Gorse Hill,North,-2.294207,53.464312
M16 0RL,E05000825,Clifford,North,-2.262773,53.457321
M16 0RN,E05000825,Clifford,North,-2.262773,53.457321
M16 0RP,E05000832,Longford,North,-2.283943,53.461137
M16 0RQ,E05000832,Longford,North,-2.277066,53.452813
M16 0RR,E05000832,Longford,North,-2.283116,53.461311
M16 0RS,E05000832,Longford,North,-2.28611,53.458607
M16 0RT,E05000825,Clifford,North,-2.262773,53.457321
M16 0RU,E05000832,Longford,North,-2.286857,53.45999
M16 0RW,E05000832,Longford,North,-2.282366,53.461699
M16 0RX,E05000832,Longford,North,-2.287757,53.461668
M16 0RY,E05000832,Longford,North,-2.279991,53.462541
M16 0RZ,E05000832,Longford,North,-2.286857,53.45999
M16 0SA,E05000825,Clifford,North,-2.262773,53.457321
M16 0SB,E05000825,Clifford,North,-2.262773,53.457321
M16 0SD,E05000825,Clifford,North,-2.262773,53.457321
M16 0SE,E05000825,Clifford,North,-2.262773,53.457321
M16 0SF,E05000832,Longford,North,-2.27372,53.452344
M16 0SG,E05000825,Clifford,North,-2.262773,53.457321
M16 0SH,E05000832,Longford,North,-2.279341,53.450596
M16 0SJ,E05000825,Clifford,North,-2.262773,53.457321
M16 0SL,E05000832,Longford,North,-2.277158,53.453082
M16 0SN,E05000832,Longford,North,-2.286347,53.462454
M16 0SP,E05000832,Longford,North,-2.285497,53.45922
M16 0SQ,E05000825,Clifford,North,-2.262773,53.457321
M16 0SR,E05000832,Longford,North,-2.286292,53.458795
M16 0SS,E05000832,Longford,North,-2.28011,53.462217
M16 0ST,E05000825,Clifford,North,-2.262773,53.457321
M16 0SU,E05000825,Clifford,North,-2.262773,53.457321
M16 0SW,E05000832,Longford,North,-2.28079,53.462539
M16 0SX,E05000832,Longford,North,-2.277066,53.452813
M16 0SY,E05000832,Longford,North,-2.286857,53.45999
M16 0SZ,E05000829,Gorse Hill,North,-2.289206,53.464352
M16 0TA,E05000825,Clifford,North,-2.262773,53.457321
M16 0TB,E05000825,Clifford,North,-2.262773,53.457321
M16 0TD,E05000825,Clifford,North,-2.262773,53.457321
M16 0TE,E05000825,Clifford,North,-2.262773,53.457321
M16 0TF,E05000832,Longford,North,-2.277112,53.452921
M16 0TG,E05000832,Longford,North,-2.276162,53.461947
M16 0TH,E05000825,Clifford,North,-2.262773,53.457321
M16 0TJ,E05000825,Clifford,North,-2.262773,53.457321
M16 0TL,E05000825,Clifford,North,-2.262773,53.457321
M16 0TN,E05000832,Longford,North,-2.277158,53.453082
M16 0TP,E05000832,Longford,North,-2.283461,53.454397
M16 0TQ,E05000825,Clifford,North,-2.262773,53.457321
M16 0TR,E05000832,Longford,North,-2.277052,53.459976
M16 0TS,E05000832,Longford,North,-2.277158,53.453082
M16 0TT,E05000836,Stretford,North,-2.316901,53.435212
M16 0TU,E05000832,Longford,North,-2.277052,53.459976
M16 0TW,E05000832,Longford,North,-2.282802,53.459433
M16 0TX,E05000832,Longford,North,-2.27858,53.458625
M16 0TY,E05000825,Clifford,North,-2.262773,53.457338
M16 0TZ,E05000832,Longford,North,-2.277158,53.453082
M16 0UB,E05000832,Longford,North,-2.275289,53.459782
M16 0UD,E05000825,Clifford,North,-2.262773,53.457321
M16 0UJ,E05000832,Longford,North,-2.2752,53.452961
M16 0UL,E05000832,Longford,North,-2.277112,53.452921
M16 0UQ,E05000825,Clifford,North,-2.262773,53.457321
M16 0UR,E05000825,Clifford,North,-2.262773,53.457321
M16 0US,E05000825,Clifford,North,-2.262773,53.457321
M16 0UT,E05000825,Clifford,North,-2.262773,53.457321
M16 0UU,E05000825,Clifford,North,-2.262773,53.457321
M16 0UW,E05000825,Clifford,North,-2.262773,53.457321
M16 0UX,E05000832,Longford,North,-2.27969,53.451027
M16 0UY,E05000825,Clifford,North,-2.262773,53.457321
M16 0UZ,E05000825,Clifford,North,-2.262773,53.457321
M16 0WA,E05000832,Longford,North,-2.276151,53.455718
M16 0WB,E05000832,Longford,North,-2.277056,53.455932
M16 0WD,E05000825,Clifford,North,-2.262773,53.457321
M16 0WE,E05000825,Clifford,North,-2.262773,53.457321
M16 0WF,E05000832,Longford,North,-2.277588,53.461198
M16 0WG,E05000832,Longford,North,-2.282742,53.457222
M16 0WH,E05000832,Longford,North,-2.277708,53.461144
M16 0WJ,E05000832,Longford,North,-2.276915,53.459582
M16 0WL,E05000832,Longford,North,-2.276505,53.459214
M16 0WN,E05000832,Longford,North,-2.277671,53.457728
M16 0WP,E05000832,Longford,North,-2.277769,53.45664
M16 0WQ,E05000832,Longford,North,-2.277679,53.456739
M16 0WR,E05000825,Clifford,North,-2.262773,53.457321
M16 0WS,E05000825,Clifford,North,-2.262773,53.457321
M16 0WT,E05000825,Clifford,North,-2.262773,53.457321
M16 0WU,E05000832,Longford,North,-2.282599,53.456027
M16 0WW,E05000832,Longford,North,-2.277772,53.457054
M16 0WX,E05000832,Longford,North,-2.282068,53.457745
M16 0WY,E05000832,Longford,North,-2.280693,53.457065
M16 0WZ,E05000832,Longford,North,-2.283381,53.455872
M16 0XA,E05000825,Clifford,North,-2.262773,53.457321
M16 0XB,E05000825,Clifford,North,-2.262773,53.457321
M16 0XD,E05000825,Clifford,North,-2.262773,53.457321
M16 0XE,E05000825,Clifford,North,-2.262773,53.457321
M16 0XF,E05000825,Clifford,North,-2.262773,53.457321
M16 0XG,E05000825,Clifford,North,-2.262773,53.457321
M16 0XH,E05000832,Longford,North,-2.277158,53.453082
M16 0XJ,E05000825,Clifford,North,-2.262773,53.457321
M16 0XL,E05000825,Clifford,North,-2.262773,53.457321
M16 0XN,E05000825,Clifford,North,-2.262773,53.457321
M16 0XP,E05000825,Clifford,North,-2.262773,53.457321
M16 0XQ,E05000825,Clifford,North,-2.262773,53.457321
M16 0XR,E05000825,Clifford,North,-2.262773,53.457321
M16 0XS,E05000825,Clifford,North,-2.262773,53.457321
M16 0XT,E05000825,Clifford,North,-2.262773,53.457321
M16 0XU,E05000825,Clifford,North,-2.262773,53.457321
M16 0XW,E05000825,Clifford,North,-2.262773,53.457321
M16 0XX,E05000832,Longford,North,-2.287086,53.460349
M16 0XY,E05000825,Clifford,North,-2.262773,53.457321
M16 0XZ,E05000825,Clifford,North,-2.262773,53.457321
M16 0YA,E05000825,Clifford,North,-2.262773,53.457321
M16 0YB,E05000825,Clifford,North,-2.262773,53.457321
M16 0YJ,E05000832,Longford,North,-2.277081,53.452804
M16 0YP,E05000825,Clifford,North,-2.262773,53.457321
M16 0YQ,E05000825,Clifford,North,-2.262773,53.457321
M16 0YR,E05000832,Longford,North,-2.284235,53.459771
M16 0YS,E05000825,Clifford,North,-2.262773,53.457321
M16 0YT,E05000825,Clifford,North,-2.262773,53.457321
M16 0YU,E05000825,Clifford,North,-2.262773,53.457321
M16 0YW,E05000825,Clifford,North,-2.262773,53.457321
M16 0YX,E05000825,Clifford,North,-2.262773,53.457321
M16 0YY,E05000832,Longford,North,-2.284235,53.459771
M16 0YZ,E05000825,Clifford,North,-2.262773,53.457321
M16 0ZA,E05000825,Clifford,North,-2.262773,53.457321
M16 0ZB,E05000825,Clifford,North,-2.262773,53.457321
M16 0ZD,E05000825,Clifford,North,-2.262773,53.457321
M16 0ZE,E05000825,Clifford,North,-2.262773,53.457321
M16 0ZF,E05000825,Clifford,North,-2.262773,53.457321
M16 0ZG,E05000825,Clifford,North,-2.262773,53.457321
M16 0ZH,E05000825,Clifford,North,-2.262773,53.457321
M16 0ZJ,E05000825,Clifford,North,-2.262773,53.457321
M16 0ZX,E05000825,Clifford,North,-2.262773,53.457321
M16 1AA,E05000832,Longford,North,-2.28308,53.455918
M16 1AB,E05000832,Longford,North,-2.28308,53.455918
M16 1AE,E05000832,Longford,North,-2.28308,53.455918
M16 1AF,E05000832,Longford,North,-2.28308,53.455918
M16 1AG,E05000832,Longford,North,-2.28308,53.455918
M16 1AJ,E05000832,Longford,North,-2.28308,53.455918
M16 1AL,E05000832,Longford,North,-2.28308,53.455918
M16 1AR,E05000832,Longford,North,-2.28308,53.455918
M16 1AU,E05000832,Longford,North,-2.28308,53.455918
M16 1AX,E05000832,Longford,North,-2.28308,53.455918
M16 1BA,E05000832,Longford,North,-2.28308,53.455918
M16 1BG,E05000832,Longford,North,-2.28308,53.455918
M16 1BH,E05000832,Longford,North,-2.28308,53.455918
M16 1BJ,E05000832,Longford,North,-2.28308,53.455918
M16 1BL,E05000832,Longford,North,-2.28308,53.455918
M16 1BN,E05000832,Longford,North,-2.28308,53.455918
M16 1BS,E05000832,Longford,North,-2.28308,53.455918
M16 1DS,E05000832,Longford,North,-2.28308,53.455918
M16 1FR,E05000832,Longford,North,-2.28308,53.455918
M16 1HY,E05000832,Longford,North,-2.28308,53.455918
M16 1HZ,E05000832,Longford,North,-2.28308,53.455918
M16 1JP,E05000832,Longford,North,-2.28308,53.455918
M16 1LB,E05000832,Longford,North,-2.28308,53.455918
M16 1LP,E05000832,Longford,North,-2.28308,53.455918
M16 1NW,E05000832,Longford,North,-2.28308,53.455918
M16 1PH,E05000832,Longford,North,-2.28308,53.455918
M16 1PN,E05000832,Longford,North,-2.28308,53.455918
M16 1PP,E05000832,Longford,North,-2.28308,53.455918
M16 1PZ,E05000832,Longford,North,-2.28308,53.455918
M16 1RL,E05000832,Longford,North,-2.28308,53.455918
M16 1SD,E05000832,Longford,North,-2.28308,53.455918
M16 1TB,E05000832,Longford,North,-2.28308,53.455918
M16 1WZ,E05000825,Clifford,North,-2.262773,53.457321
M16 1ZL,E05000832,Longford,North,-2.28308,53.455918
M16 6AD,E05000825,Clifford,North,-2.262773,53.457321
M16 6AG,E05000825,Clifford,North,-2.262773,53.457321
M16 6AJ,E05000825,Clifford,North,-2.262773,53.457321
M16 6AL,E05000825,Clifford,North,-2.262773,53.457321
M16 6AP,E05000825,Clifford,North,-2.262773,53.457321
M16 6AR,E05000825,Clifford,North,-2.262773,53.457321
M16 6AS,E05000825,Clifford,North,-2.262773,53.457321
M16 6AT,E05000825,Clifford,North,-2.262773,53.457321
M16 6AU,E05000825,Clifford,North,-2.262773,53.457321
M16 6AX,E05000825,Clifford,North,-2.262773,53.457321
M16 6AY,E05000825,Clifford,North,-2.262773,53.457321
M16 6AZ,E05000825,Clifford,North,-2.262773,53.457321
M16 6BB,E05000825,Clifford,North,-2.262773,53.457321
M16 6BD,E05000825,Clifford,North,-2.262773,53.457321
M16 6BF,E05000825,Clifford,North,-2.262773,53.457321
M16 6BG,E05000825,Clifford,North,-2.262773,53.457321
M16 6BJ,E05000825,Clifford,North,-2.262773,53.457321
M16 6BL,E05000825,Clifford,North,-2.262773,53.457321
M16 6BR,E05000825,Clifford,North,-2.262773,53.457321
M16 6BS,E05000825,Clifford,North,-2.262773,53.457321
M16 6BU,E05000825,Clifford,North,-2.262773,53.457321
M16 6BW,E05000825,Clifford,North,-2.262773,53.457321
M16 6BX,E05000825,Clifford,North,-2.262773,53.457321
M16 6BZ,E05000825,Clifford,North,-2.262773,53.457321
M16 6DA,E05000825,Clifford,North,-2.262773,53.457321
M16 6DB,E05000825,Clifford,North,-2.262773,53.457321
M16 6DD,E05000825,Clifford,North,-2.262773,53.457321
M16 6DE,E05000825,Clifford,North,-2.262773,53.457321
M16 6DF,E05000825,Clifford,North,-2.262773,53.457321
M16 6DG,E05000825,Clifford,North,-2.262773,53.457321
M16 6DH,E05000825,Clifford,North,-2.262773,53.457321
M16 6DJ,E05000825,Clifford,North,-2.262773,53.457321
M16 6DL,E05000825,Clifford,North,-2.262773,53.457321
M16 6DN,E05000825,Clifford,North,-2.262773,53.457321
M16 6DP,E05000825,Clifford,North,-2.262773,53.457321
M16 6DQ,E05000825,Clifford,North,-2.262773,53.457321
M16 6DR,E05000825,Clifford,North,-2.262773,53.457321
M16 6DS,E05000825,Clifford,North,-2.262773,53.457321
M16 6DT,E05000825,Clifford,North,-2.262773,53.457321
M16 6DU,E05000825,Clifford,North,-2.262773,53.457321
M16 6DW,E05000825,Clifford,North,-2.262773,53.457321
M16 6DX,E05000825,Clifford,North,-2.262773,53.457338
M16 6DY,E05000825,Clifford,North,-2.262773,53.457321
M16 6DZ,E05000825,Clifford,North,-2.262773,53.457321
M16 6EA,E05000825,Clifford,North,-2.262773,53.457321
M16 6EB,E05000825,Clifford,North,-2.262773,53.457321
M16 6ED,E05000825,Clifford,North,-2.262773,53.457321
M16 6EE,E05000825,Clifford,North,-2.262773,53.457321
M16 6EF,E05000825,Clifford,North,-2.262773,53.457321
M16 6EG,E05000825,Clifford,North,-2.262773,53.457321
M16 6EH,E05000825,Clifford,North,-2.262773,53.457321
M16 6EJ,E05000825,Clifford,North,-2.262773,53.457321
M16 6EL,E05000825,Clifford,North,-2.262773,53.457321
M16 6EN,E05000825,Clifford,North,-2.262773,53.457321
M16 6EP,E05000825,Clifford,North,-2.262773,53.457338
M16 6EQ,E05000825,Clifford,North,-2.262773,53.457321
M16 6ER,E05000825,Clifford,North,-2.262773,53.457321
M16 6ES,E05000825,Clifford,North,-2.262773,53.457338
M16 6ET,E05000825,Clifford,North,-2.262773,53.457321
M16 6EU,E05000825,Clifford,North,-2.262773,53.457321
M16 6EW,E05000825,Clifford,North,-2.262773,53.457321
M16 6EX,E05000825,Clifford,North,-2.262773,53.457321
M16 6EY,E05000825,Clifford,North,-2.262773,53.457321
M16 6EZ,E05000825,Clifford,North,-2.262773,53.457321
M16 6FA,E05000825,Clifford,North,-2.262773,53.457321
M16 6FB,E05000825,Clifford,North,-2.262773,53.457321
M16 6FE,E05000825,Clifford,North,-2.262773,53.457321
M16 6FF,E05000825,Clifford,North,-2.262773,53.457321
M16 6FG,E05000825,Clifford,North,-2.262773,53.457321
M16 6FH,E05000825,Clifford,North,-2.262773,53.457321
M16 6FJ,E05000825,Clifford,North,-2.262773,53.457321
M16 6FL,E05000825,Clifford,North,-2.262773,53.457321
M16 6FN,E05000825,Clifford,North,-2.262773,53.457321
M16 6FP,E05000825,Clifford,North,-2.262773,53.457321
M16 6FQ,E05000825,Clifford,North,-2.262773,53.457321
M16 6FR,E05000825,Clifford,North,-2.262773,53.457338
M16 6FS,E05000825,Clifford,North,-2.262773,53.457338
M16 6FT,E05000825,Clifford,North,-2.262773,53.457338
M16 6FU,E05000825,Clifford,North,-2.262773,53.457338
M16 6FW,E05000825,Clifford,North,-2.262773,53.457338
M16 6FX,E05000825,Clifford,North,-2.262773,53.457338
M16 6FZ,E05000825,Clifford,North,-2.262773,53.457338
M16 6GA,E05000825,Clifford,North,-2.262773,53.457338
M16 6GB,E05000825,Clifford,North,-2.262773,53.457338
M16 6GD,E05000825,Clifford,North,-2.262773,53.457338
M16 6GE,E05000825,Clifford,North,-2.262773,53.457338
M16 6GF,E05000825,Clifford,North,-2.262773,53.457338
M16 7AN,E05000825,Clifford,North,-2.262773,53.457321
M16 7BQ,E05000825,Clifford,North,-2.262773,53.457321
M16 7ED,E05000825,Clifford,North,-2.255995,53.459574
M16 7EE,E05000825,Clifford,North,-2.255995,53.459574
M16 7EG,E05000825,Clifford,North,-2.255995,53.459574
M16 7EJ,E05000825,Clifford,North,-2.262773,53.457321
M16 7ER,E05000825,Clifford,North,-2.255995,53.459574
M16 7FD,E05000825,Clifford,North,-2.259687,53.459872
M16 7FN,E05000825,Clifford,North,-2.262773,53.457321
M16 7FX,E05000825,Clifford,North,-2.262773,53.457321
M16 7GD,E05000825,Clifford,North,-2.259906,53.46371
M16 7GG,E05000825,Clifford,North,-2.264263,53.457058
M16 7GP,E05000825,Clifford,North,-2.265586,53.459086
M16 7GQ,E05000825,Clifford,North,-2.263454,53.457733
M16 7GR,E05000825,Clifford,North,-2.265485,53.457378
M16 7GS,E05000825,Clifford,North,-2.267615,53.458434
M16 7GT,E05000825,Clifford,North,-2.267324,53.457698
M16 7GU,E05000825,Clifford,North,-2.266551,53.456936
M16 7GX,E05000825,Clifford,North,-2.268164,53.457139
M16 7GY,E05000825,Clifford,North,-2.266607,53.456198
M16 7GZ,E05000825,Clifford,North,-2.266338,53.456595
M16 7HF,E05000825,Clifford,North,-2.262773,53.457321
M16 7HJ,E05000825,Clifford,North,-2.262773,53.457321
M16 7NG,E05000825,Clifford,North,-2.26042,53.461524
M16 7NQ,E05000825,Clifford,North,-2.260091,53.461929
M16 7NR,E05000825,Clifford,North,-2.259288,53.461122
M16 7NX,E05000825,Clifford,North,-2.258786,53.460422
M16 7NY,E05000825,Clifford,North,-2.261858,53.460459
M16 7PB,E05000825,Clifford,North,-2.259818,53.459126
M16 7PF,E05000825,Clifford,North,-2.263087,53.46417
M16 7PG,E05000825,Clifford,North,-2.263929,53.464006
M16 7PH,E05000825,Clifford,North,-2.264607,53.464005
M16 7PJ,E05000825,Clifford,North,-2.262773,53.457321
M16 7PQ,E05000825,Clifford,North,-2.260843,53.46422
M16 7PR,E05000825,Clifford,North,-2.261593,53.463805
M16 7PS,E05000825,Clifford,North,-2.25952,53.4622
M16 7PT,E05000825,Clifford,North,-2.263595,53.463531
M16 7PU,E05000825,Clifford,North,-2.262622,53.46205
M16 7QA,E05000825,Clifford,North,-2.262773,53.457321
M16 7QB,E05000825,Clifford,North,-2.258993,53.462335
M16 7QD,E05000825,Clifford,North,-2.26046,53.463115
M16 7QE,E05000825,Clifford,North,-2.260519,53.460463
M16 7QG,E05000825,Clifford,North,-2.26458,53.457282
M16 7QH,E05000825,Clifford,North,-2.266076,53.455624
M16 7QP,E05000825,Clifford,North,-2.269538,53.457747
M16 7QQ,E05000825,Clifford,North,-2.265051,53.457847
M16 7QR,E05000825,Clifford,North,-2.264985,53.456894
M16 7QS,E05000825,Clifford,North,-2.266361,53.457835
M16 7QT,E05000825,Clifford,North,-2.267301,53.458795
M16 7QU,E05000825,Clifford,North,-2.266948,53.457825
M16 7QW,E05000825,Clifford,North,-2.266526,53.457754
M16 7QX,E05000825,Clifford,North,-2.267866,53.457652
M16 7QY,E05000825,Clifford,North,-2.267346,53.45643
M16 7QZ,E05000825,Clifford,North,-2.26665,53.455857
M16 7RA,E05000825,Clifford,North,-2.265466,53.456803
M16 7RB,E05000825,Clifford,North,-2.262008,53.457764
M16 7RF,E05000825,Clifford,North,-2.26379,53.456052
M16 7RG,E05000825,Clifford,North,-2.262857,53.456288
M16 7RN,E05000825,Clifford,North,-2.259917,53.458146
M16 7RS,E05000825,Clifford,North,-2.262305,53.457089
M16 7RT,E05000825,Clifford,North,-2.26316,53.456494
M16 7RZ,E05000825,Clifford,North,-2.263953,53.455629
M16 7SA,E05000825,Clifford,North,-2.26424,53.455862
M16 7SB,E05000825,Clifford,North,-2.264845,53.456193
M16 7SD,E05000825,Clifford,North,-2.264772,53.456562
M16 7SE,E05000825,Clifford,North,-2.265068,53.455707
M16 7SF,E05000825,Clifford,North,-2.265873,53.454519
M16 7SG,E05000825,Clifford,North,-2.26568,53.454933
M16 7TN,E05000825,Clifford,North,-2.262773,53.457321
M16 7UD,E05000825,Clifford,North,-2.262773,53.457321
M16 7UL,E05000825,Clifford,North,-2.262773,53.457321
M16 7UY,E05000825,Clifford,North,-2.262773,53.457321
M16 7UZ,E05000825,Clifford,North,-2.262773,53.457321
M16 7WB,E05000825,Clifford,North,-2.262773,53.457321
M16 7WE,E05000825,Clifford,North,-2.262773,53.457321
M16 7WF,E05000825,Clifford,North,-2.262773,53.457321
M16 7WG,E05000825,Clifford,North,-2.262773,53.457321
M16 7WH,E05000825,Clifford,North,-2.262773,53.457321
M16 7WL,E05000825,Clifford,North,-2.262773,53.457321
M16 7WN,E05000825,Clifford,North,-2.262773,53.457321
M16 7WP,E05000825,Clifford,North,-2.259384,53.459594
M16 7WQ,E05000825,Clifford,North,-2.258612,53.461581
M16 7WR,E05000825,Clifford,North,-2.259035,53.461707
M16 7WS,E05000825,Clifford,North,-2.257935,53.45913
M16 7WT,E05000825,Clifford,North,-2.258557,53.459856
M16 7WU,E05000825,Clifford,North,-2.259819,53.45935
M16 7WW,E05000825,Clifford,North,-2.258524,53.459478
M16 7WX,E05000825,Clifford,North,-2.259024,53.459953
M16 7WY,E05000825,Clifford,North,-2.260709,53.45968
M16 7WZ,E05000825,Clifford,North,-2.262773,53.457321
M16 7XA,E05000825,Clifford,North,-2.262773,53.457321
M16 7XB,E05000825,Clifford,North,-2.262773,53.457321
M16 7XP,E05000825,Clifford,North,-2.262773,53.457321
M16 7XX,E05000825,Clifford,North,-2.262773,53.457321
M16 7XY,E05000825,Clifford,North,-2.262773,53.457321
M16 7YD,E05000825,Clifford,North,-2.262773,53.457321
M16 7YE,E05000825,Clifford,North,-2.262773,53.457321
M16 7YF,E05000825,Clifford,North,-2.262773,53.457321
M16 7YY,E05000825,Clifford,North,-2.262773,53.457321
M16 7YZ,E05000825,Clifford,North,-2.262773,53.457321
M16 7ZF,E05000825,Clifford,North,-2.26203,53.461359
M16 7ZY,E05000825,Clifford,North,-2.262773,53.457321
M16 8AG,E05000825,Clifford,North,-2.262773,53.457321
M16 8BF,E05000825,Clifford,North,-2.265003,53.45506
M16 8BG,E05000825,Clifford,North,-2.262773,53.457321
M16 8BS,E05000825,Clifford,North,-2.262773,53.457321
M16 8ED,E05000825,Clifford,North,-2.262773,53.457321
M16 8FG,E05000825,Clifford,North,-2.262773,53.457321
M16 8FP,E05000825,Clifford,North,-2.262773,53.457321
M16 8JB,E05000825,Clifford,North,-2.262773,53.457321
M16 8LG,E05000825,Clifford,North,-2.262773,53.457321
M16 8LJ,E05000825,Clifford,North,-2.262773,53.457321
M16 8PD,E05000825,Clifford,North,-2.262773,53.457321
M16 8PY,E05000825,Clifford,North,-2.262773,53.457321
M16 8PZ,E05000825,Clifford,North,-2.262773,53.457321
M16 8RL,E05000825,Clifford,North,-2.262773,53.457321
M16 8RN,E05000825,Clifford,North,-2.262773,53.457321
M16 8RR,E05000825,Clifford,North,-2.262773,53.457321
M16 8SD,E05000825,Clifford,North,-2.262773,53.457321
M16 8SE,E05000825,Clifford,North,-2.262773,53.457321
M16 8SU,E05000825,Clifford,North,-2.262773,53.457321
M16 8UA,E05000825,Clifford,North,-2.262773,53.457321
M16 8UB,E05000825,Clifford,North,-2.262773,53.457321
M16 8UJ,E05000825,Clifford,North,-2.262773,53.457321
M16 8UP,E05000825,Clifford,North,-2.262773,53.457321
M16 8UQ,E05000825,Clifford,North,-2.262773,53.457321
M16 8UR,E05000825,Clifford,North,-2.262773,53.457321
M16 8US,E05000825,Clifford,North,-2.262773,53.457321
M16 8UT,E05000825,Clifford,North,-2.262773,53.457321
M16 8UU,E05000825,Clifford,North,-2.262773,53.457321
M16 8UW,E05000825,Clifford,North,-2.262773,53.457321
M16 8UX,E05000825,Clifford,North,-2.262773,53.457321
M16 8UY,E05000825,Clifford,North,-2.262773,53.457321
M16 8UZ,E05000825,Clifford,North,-2.262773,53.457321
M16 8WL,E05000825,Clifford,North,-2.262773,53.457321
M16 8WN,E05000825,Clifford,North,-2.262773,53.457321
M16 8WT,E05000825,Clifford,North,-2.262773,53.457321
M16 8WZ,E05000825,Clifford,North,-2.262773,53.457321
M16 8XA,E05000825,Clifford,North,-2.262773,53.457321
M16 8XB,E05000825,Clifford,North,-2.262773,53.457321
M16 8XD,E05000825,Clifford,North,-2.262773,53.457321
M16 8XE,E05000825,Clifford,North,-2.262773,53.457321
M16 8XF,E05000825,Clifford,North,-2.262773,53.457321
M16 8XG,E05000825,Clifford,North,-2.262773,53.457321
M16 8XH,E05000825,Clifford,North,-2.262773,53.457321
M16 8XJ,E05000825,Clifford,North,-2.262773,53.457321
M16 8XL,E05000825,Clifford,North,-2.262773,53.457321
M16 8XN,E05000825,Clifford,North,-2.262773,53.457321
M16 8XP,E05000825,Clifford,North,-2.262773,53.457321
M16 8XQ,E05000825,Clifford,North,-2.262773,53.457321
M16 8XR,E05000825,Clifford,North,-2.262773,53.457321
M16 8XS,E05000825,Clifford,North,-2.262773,53.457321
M16 8XT,E05000825,Clifford,North,-2.262773,53.457321
M16 8XU,E05000825,Clifford,North,-2.262773,53.457321
M16 8XW,E05000825,Clifford,North,-2.262773,53.457321
M16 8XX,E05000825,Clifford,North,-2.262773,53.457321
M16 8XY,E05000825,Clifford,North,-2.262773,53.457321
M16 8XZ,E05000825,Clifford,North,-2.262773,53.457321
M16 8YA,E05000825,Clifford,North,-2.262773,53.457321
M16 8YB,E05000825,Clifford,North,-2.262773,53.457321
M16 8YD,E05000825,Clifford,North,-2.262773,53.457321
M16 8YE,E05000825,Clifford,North,-2.262773,53.457321
M16 8YF,E05000825,Clifford,North,-2.262773,53.457321
M16 8YG,E05000825,Clifford,North,-2.262773,53.457321
M16 8YH,E05000825,Clifford,North,-2.262773,53.457321
M16 8YJ,E05000825,Clifford,North,-2.262773,53.457321
M16 8YL,E05000825,Clifford,North,-2.262773,53.457321
M16 8YP,E05000825,Clifford,North,-2.262773,53.457321
M16 8YQ,E05000825,Clifford,North,-2.262773,53.457321
M16 8YR,E05000825,Clifford,North,-2.262773,53.457321
M16 8YS,E05000825,Clifford,North,-2.262773,53.457321
M16 8YT,E05000825,Clifford,North,-2.262773,53.457321
M16 8YW,E05000825,Clifford,North,-2.262773,53.457321
M16 8YX,E05000825,Clifford,North,-2.262773,53.457321
M16 8YY,E05000825,Clifford,North,-2.262773,53.457321
M16 8YZ,E05000825,Clifford,North,-2.262773,53.457321
M16 8ZA,E05000825,Clifford,North,-2.262773,53.457321
M16 8ZB,E05000825,Clifford,North,-2.262773,53.457321
M16 8ZF,E05000825,Clifford,North,-2.262773,53.457321
M16 8ZG,E05000825,Clifford,North,-2.262773,53.457321
M16 8ZH,E05000825,Clifford,North,-2.262773,53.457321
M16 8ZQ,E05000825,Clifford,North,-2.262773,53.457321
M16 8ZZ,E05000825,Clifford,North,-2.262773,53.457321
M16 9AA,E05000825,Clifford,North,-2.259946,53.460357
M16 9AB,E05000825,Clifford,North,-2.265165,53.464129
M16 9AD,E05000825,Clifford,North,-2.263963,53.464724
M16 9AE,E05000825,Clifford,North,-2.26645,53.464916
M16 9AF,E05000825,Clifford,North,-2.266477,53.46427
M16 9AG,E05000825,Clifford,North,-2.263981,53.462559
M16 9AH,E05000825,Clifford,North,-2.26288,53.462427
M16 9AJ,E05000825,Clifford,North,-2.263752,53.46211
M16 9AL,E05000832,Longford,North,-2.284087,53.455618
M16 9AN,E05000825,Clifford,North,-2.267381,53.46443
M16 9AP,E05000825,Clifford,North,-2.267367,53.464565
M16 9AQ,E05000825,Clifford,North,-2.264542,53.46316
M16 9AR,E05000825,Clifford,North,-2.26836,53.464347
M16 9AS,E05000825,Clifford,North,-2.264973,53.462305
M16 9AT,E05000825,Clifford,North,-2.265687,53.463176
M16 9AU,E05000825,Clifford,North,-2.263114,53.461177
M16 9AW,E05000825,Clifford,North,-2.266571,53.464944
M16 9AX,E05000825,Clifford,North,-2.262951,53.461654
M16 9AY,E05000825,Clifford,North,-2.263075,53.462238
M16 9AZ,E05000825,Clifford,North,-2.261731,53.46162
M16 9BA,E05000825,Clifford,North,-2.261546,53.461
M16 9BB,E05000825,Clifford,North,-2.261015,53.460416
M16 9BD,E05000825,Clifford,North,-2.266554,53.462248
M16 9BE,E05000832,Longford,North,-2.270536,53.463021
M16 9BF,E05000825,Clifford,North,-2.263318,53.462498
M16 9BG,E05000832,Longford,North,-2.269316,53.46306
M16 9BH,E05000825,Clifford,North,-2.265249,53.463015
M16 9BJ,E05000825,Clifford,North,-2.267214,53.464152
M16 9BL,E05000825,Clifford,North,-2.262773,53.457321
M16 9BN,E05000825,Clifford,North,-2.26471,53.4636
M16 9BP,E05000825,Clifford,North,-2.260265,53.460779
M16 9BQ,E05000825,Clifford,North,-2.2676,53.46327
M16 9BR,E05000825,Clifford,North,-2.260686,53.460751
M16 9BS,E05000832,Longford,North,-2.271273,53.462866
M16 9BT,E05000832,Longford,North,-2.271079,53.463136
M16 9BU,E05000825,Clifford,North,-2.267515,53.459315
M16 9BW,E05000832,Longford,North,-2.275616,53.461373
M16 9BX,E05000832,Longford,North,-2.273153,53.462547
M16 9BY,E05000832,Longford,North,-2.274518,53.461619
M16 9BZ,E05000832,Longford,North,-2.274146,53.462365
M16 9DA,E05000825,Clifford,North,-2.267111,53.464663
M16 9DB,E05000832,Longford,North,-2.269446,53.46225
M16 9DD,E05000832,Longford,North,-2.274199,53.461287
M16 9DE,E05000832,Longford,North,-2.272304,53.461678
M16 9DF,E05000832,Longford,North,-2.271881,53.461454
M16 9DG,E05000825,Clifford,North,-2.266624,53.463812
M16 9DH,E05000832,Longford,North,-2.2723969999999998,53.462001
M16 9DJ,E05000832,Longford,North,-2.273498,53.462277
M16 9DL,E05000832,Longford,North,-2.272295,53.462648
M16 9DN,E05000832,Longford,North,-2.271798,53.462578
M16 9DP,E05000832,Longford,North,-2.26888,53.463258
M16 9DQ,E05000825,Clifford,North,-2.267572,53.46363
M16 9DR,E05000832,Longford,North,-2.271311,53.461842
M16 9DS,E05000825,Clifford,North,-2.262773,53.457321
M16 9DT,E05000832,Longford,North,-2.272836,53.462386
M16 9DU,E05000825,Clifford,North,-2.262773,53.457321
M16 9DW,E05000832,Longford,North,-2.270906,53.462103
M16 9DX,E05000825,Clifford,North,-2.26901,53.464669
M16 9DY,E05000825,Clifford,North,-2.268077,53.464941
M16 9DZ,E05000825,Clifford,North,-2.267497,53.45892
M16 9EA,E05000825,Clifford,North,-2.267618,53.466173
M16 9EB,E05000825,Clifford,North,-2.267486,53.466892
M16 9ED,E05000825,Clifford,North,-2.268083,53.46584
M16 9EE,E05000825,Clifford,North,-2.27278,53.462998
M16 9EF,E05000825,Clifford,North,-2.267469,53.459136
M16 9EG,E05000825,Clifford,North,-2.262773,53.457321
M16 9EH,E05000825,Clifford,North,-2.269589,53.465836
M16 9EJ,E05000825,Clifford,North,-2.268811,53.466638
M16 9EL,E05000825,Clifford,North,-2.269589,53.465836
M16 9EN,E05000825,Clifford,North,-2.268959,53.466134
M16 9EP,E05000825,Clifford,North,-2.267469,53.459136
M16 9EQ,E05000825,Clifford,North,-2.268083,53.46584
M16 9ER,E05000825,Clifford,North,-2.267515,53.459315
M16 9ES,E05000825,Clifford,North,-2.267515,53.459315
M16 9EU,E05000825,Clifford,North,-2.263498,53.460025
M16 9EW,E05000825,Clifford,North,-2.270086,53.465754
M16 9EX,E05000825,Clifford,North,-2.269495,53.465269
M16 9EY,E05000825,Clifford,North,-2.268958,53.466151
M16 9EZ,E05000825,Clifford,North,-2.266709,53.467668
M16 9FA,E05000825,Clifford,North,-2.267497,53.45892
M16 9FB,E05000825,Clifford,North,-2.268077,53.464941
M16 9FD,E05000825,Clifford,North,-2.265872,53.468739
M16 9FE,E05000825,Clifford,North,-2.268105,53.467016
M16 9FF,E05000825,Clifford,North,-2.267515,53.459315
M16 9FG,E05000825,Clifford,North,-2.268596,53.468337
M16 9FH,E05000825,Clifford,North,-2.266945,53.466921
M16 9FJ,E05000825,Clifford,North,-2.264852,53.462126
M16 9FL,E05000825,Clifford,North,-2.262773,53.457321
M16 9FN,E05000825,Clifford,North,-2.268077,53.464941
M16 9FP,E05000825,Clifford,North,-2.268083,53.46584
M16 9FQ,E05000825,Clifford,North,-2.267618,53.466173
M16 9FR,E05000825,Clifford,North,-2.262773,53.457321
M16 9FS,E05000825,Clifford,North,-2.262773,53.457321
M16 9FT,E05000825,Clifford,North,-2.2676789999999998,53.454424
M16 9FU,E05000825,Clifford,North,-2.267497,53.45892
M16 9FW,E05000825,Clifford,North,-2.268083,53.46584
M16 9FX,E05000825,Clifford,North,-2.275117,53.463478
M16 9FY,E05000825,Clifford,North,-2.267469,53.459136
M16 9FZ,E05000825,Clifford,North,-2.262618,53.461518
M16 9GA,E05000825,Clifford,North,-2.268069,53.458829
M16 9GB,E05000825,Clifford,North,-2.26992,53.458609
M16 9GD,E05000825,Clifford,North,-2.271426,53.458587
M16 9GE,E05000832,Longford,North,-2.274101,53.45762
M16 9GF,E05000825,Clifford,North,-2.266852,53.464214
M16 9GG,E05000825,Clifford,North,-2.270461,53.453709
M16 9GJ,E05000825,Clifford,North,-2.267575,53.459297
M16 9GL,E05000825,Clifford,North,-2.268015,53.455054
M16 9GN,E05000825,Clifford,North,-2.262622,53.46205
M16 9GP,E05000825,Clifford,North,-2.26844,53.455574
M16 9GQ,E05000825,Clifford,North,-2.269051,53.454485
M16 9GR,E05000832,Longford,North,-2.274063,53.454114
M16 9GS,E05000825,Clifford,North,-2.2706,53.454293
M16 9GT,E05000825,Clifford,North,-2.272241,53.4541
M16 9GW,E05000825,Clifford,North,-2.262773,53.457321
M16 9GY,E05000825,Clifford,North,-2.262773,53.457321
M16 9GZ,E05000825,Clifford,North,-2.26788,53.464618
M16 9HA,E05000825,Clifford,North,-2.268063,53.465093
M16 9HB,E05000825,Clifford,North,-2.270713,53.464926
M16 9HD,E05000825,Clifford,North,-2.268471,53.465406
M16 9HE,E05000825,Clifford,North,-2.271191,53.464224
M16 9HF,E05000825,Clifford,North,-2.270045,53.464198
M16 9HG,E05000825,Clifford,North,-2.272062,53.463808
M16 9HH,E05000825,Clifford,North,-2.27278,53.462998
M16 9HJ,E05000825,Clifford,North,-2.268474,53.465641
M16 9HL,E05000825,Clifford,North,-2.269809,53.46491
M16 9HN,E05000825,Clifford,North,-2.268628,53.463906
M16 9HP,E05000825,Clifford,North,-2.268744,53.465578
M16 9HQ,E05000825,Clifford,North,-2.275607,53.464627
M16 9HR,E05000825,Clifford,North,-2.278129,53.463354
M16 9HS,E05000825,Clifford,North,-2.271011,53.464305
M16 9HT,E05000825,Clifford,North,-2.270789,53.465033
M16 9HU,E05000825,Clifford,North,-2.272464,53.463186
M16 9HW,E05000825,Clifford,North,-2.275514,53.464312
M16 9HX,E05000825,Clifford,North,-2.272585,53.463133
M16 9HY,E05000825,Clifford,North,-2.262773,53.457321
M16 9HZ,E05000825,Clifford,North,-2.27278,53.462998
M16 9JA,E05000825,Clifford,North,-2.269786,53.463652
M16 9JB,E05000825,Clifford,North,-2.269578,53.464039
M16 9JE,E05000825,Clifford,North,-2.26367,53.461102
M16 9JG,E05000825,Clifford,North,-2.266434,53.462257
M16 9JH,E05000825,Clifford,North,-2.266256,53.462743
M16 9JJ,E05000825,Clifford,North,-2.265211,53.461899
M16 9JL,E05000825,Clifford,North,-2.263292,53.460727
M16 9JN,E05000825,Clifford,North,-2.264028,53.460411
M16 9JP,E05000825,Clifford,North,-2.265161,53.461082
M16 9JQ,E05000825,Clifford,North,-2.265769,53.461836
M16 9JR,E05000825,Clifford,North,-2.265888,53.461638
M16 9JS,E05000825,Clifford,North,-2.265867,53.460757
M16 9JT,E05000825,Clifford,North,-2.263456,53.460475
M16 9JU,E05000825,Clifford,North,-2.265098,53.460534
M16 9JW,E05000825,Clifford,North,-2.264677,53.460858
M16 9JX,E05000825,Clifford,North,-2.266166,53.460325
M16 9JY,E05000825,Clifford,North,-2.266178,53.45993
M16 9JZ,E05000825,Clifford,North,-2.266089,53.460137
M16 9LA,E05000825,Clifford,North,-2.266087,53.459759
M16 9LB,E05000825,Clifford,North,-2.26589,53.459598
M16 9LD,E05000825,Clifford,North,-2.267151,53.458993
M16 9LE,E05000825,Clifford,North,-2.265814,53.459436
M16 9LF,E05000825,Clifford,North,-2.264323,53.459493
M16 9LG,E05000825,Clifford,North,-2.264967,53.461335
M16 9LH,E05000825,Clifford,North,-2.264918,53.460705
M16 9LJ,E05000825,Clifford,North,-2.265478,53.4611
M16 9LL,E05000825,Clifford,North,-2.264211,53.460878
M16 9LN,E05000825,Clifford,North,-2.266603,53.460423
M16 9LP,E05000825,Clifford,North,-2.263136,53.459909
M16 9LQ,E05000825,Clifford,North,-2.261057,53.459905
M16 9LR,E05000825,Clifford,North,-2.262609,53.459991
M16 9LS,E05000825,Clifford,North,-2.262476,53.460548
M16 9LT,E05000825,Clifford,North,-2.262234,53.46019
M16 9LU,E05000825,Clifford,North,-2.261083,53.459096
M16 9LW,E05000825,Clifford,North,-2.262049,53.459426
M16 9LX,E05000825,Clifford,North,-2.260496,53.459151
M16 9LY,E05000825,Clifford,North,-2.260657,53.458414
M16 9LZ,E05000825,Clifford,North,-2.261743,53.458717
M16 9NA,E05000825,Clifford,North,-2.26102,53.458683
M16 9NB,E05000825,Clifford,North,-2.262682,53.459596
M16 9ND,E05000825,Clifford,North,-2.262464,53.458419
M16 9NE,E05000825,Clifford,North,-2.26249,53.457772
M16 9NF,E05000825,Clifford,North,-2.263971,53.458648
M16 9NG,E05000825,Clifford,North,-2.268653,53.455906
M16 9NH,E05000825,Clifford,North,-2.264034,53.459036
M16 9NJ,E05000825,Clifford,North,-2.266532,53.458652
M16 9NL,E05000825,Clifford,North,-2.269538,53.457747
M16 9NN,E05000825,Clifford,North,-2.269868,53.467165
M16 9NP,E05000825,Clifford,North,-2.262773,53.457321
M16 9NQ,E05000825,Clifford,North,-2.268584,53.456958
M16 9NR,E05000825,Clifford,North,-2.270082,53.458006
M16 9NS,E05000825,Clifford,North,-2.273241,53.457406
M16 9NT,E05000825,Clifford,North,-2.273233,53.456273
M16 9NU,E05000825,Clifford,North,-2.272231,53.454972
M16 9NW,E05000825,Clifford,North,-2.261969,53.461412
M16 9NX,E05000825,Clifford,North,-2.272317,53.456545
M16 9NY,E05000825,Clifford,North,-2.271459,53.456718
M16 9NZ,E05000825,Clifford,North,-2.27091,53.45556
M16 9PA,E05000825,Clifford,North,-2.270662,53.45681
M16 9PB,E05000825,Clifford,North,-2.262773,53.457321
M16 9PD,E05000825,Clifford,North,-2.262773,53.457321
M16 9PG,E05000825,Clifford,North,-2.270291,53.460172
M16 9PJ,E05000832,Longford,North,-2.270057,53.46126
M16 9PL,E05000825,Clifford,North,-2.267469,53.459136
M16 9PN,E05000825,Clifford,North,-2.266998,53.460979
M16 9PP,E05000832,Longford,North,-2.270446,53.460801
M16 9PQ,E05000832,Longford,North,-2.271909,53.461148
M16 9PR,E05000825,Clifford,North,-2.268935,53.460004
M16 9PS,E05000825,Clifford,North,-2.267683,53.45963
M16 9PT,E05000825,Clifford,North,-2.268313,53.459305
