lsoa11cd,wd17cd,wd17nm,lad17cd,lad17nm
E01005240,E05000710,Moss Side,E08000003,Manchester
E01005241,E05000710,Moss Side,E08000003,Manchester
E01005242,E05000710,Moss Side,E08000003,Manchester
E01005243,E05000710,Moss Side,E08000003,Manchester
E01005244,E05000710,Moss Side,E08000003,Manchester
E01005245,E05000710,Moss Side,E08000003,Manchester
E01005246,E05000710,Moss Side,E08000003,Manchester
E01005247,E05000711,Moston,E08000003,Manchester
E01005248,E05000711,Moston,E08000003,Manchester
E01005249,E05000711,Moston,E08000003,Manchester
E01005250,E05000693,Charlestown,E08000003,Manchester
E01005251,E05000693,Charlestown,E08000003,Manchester
E01005252,E05000693,Charlestown,E08000003,Manchester
E01005253,E05000711,Moston,E08000003,Manchester
E01005254,E05000711,Moston,E08000003,Manchester
E01005255,E05000709,Miles Platting and Newton Heath,E08000003,Manchester
E01005256,E05000709,Miles Platting and Newton Heath,E08000003,Manchester
E01005257,E05000709,Miles Platting and Newton Heath,E08000003,Manchester
E01005258,E05000709,Miles Platting and Newton Heath,E08000003,Manchester
E01005259,E05000709,Miles Platting and Newton Heath,E08000003,Manchester
E01005260,E05000709,Miles Platting and Newton Heath,E08000003,Manchester
E01005261,E05000709,Miles Platting and Newton Heath,E08000003,Manchester
E01005262,E05000691,Brooklands,E08000003,Manchester
E01005263,E05000712,Northenden,E08000003,Manchester
E01005264,E05000712,Northenden,E08000003,Manchester
E01005265,E05000712,Northenden,E08000003,Manchester
E01005266,E05000691,Brooklands,E08000003,Manchester
E01005267,E05000712,Northenden,E08000003,Manchester
E01005268,E05000712,Northenden,E08000003,Manchester
E01005269,E05000712,Northenden,E08000003,Manchester
E01005270,E05000713,Old Moat,E08000003,Manchester
E01005271,E05000713,Old Moat,E08000003,Manchester
E01005272,E05000713,Old Moat,E08000003,Manchester
E01005273,E05000713,Old Moat,E08000003,Manchester
E01005274,E05000713,Old Moat,E08000003,Manchester
E01005275,E05000713,Old Moat,E08000003,Manchester
E01005276,E05000713,Old Moat,E08000003,Manchester
E01005277,E05000700,Didsbury West,E08000003,Manchester
E01005278,E05000713,Old Moat,E08000003,Manchester
E01005279,E05000713,Old Moat,E08000003,Manchester
E01005280,E05000714,Rusholme,E08000003,Manchester
E01005281,E05000714,Rusholme,E08000003,Manchester
E01005282,E05000714,Rusholme,E08000003,Manchester
E01005283,E05000707,Levenshulme,E08000003,Manchester
E01005284,E05000714,Rusholme,E08000003,Manchester
E01005285,E05000714,Rusholme,E08000003,Manchester
E01005286,E05000714,Rusholme,E08000003,Manchester
E01005287,E05000714,Rusholme,E08000003,Manchester
E01005288,E05000714,Rusholme,E08000003,Manchester
E01005289,E05000715,Sharston,E08000003,Manchester
E01005026,E05000672,East,E08000002,Bury
E01005027,E05000682,Redvales,E08000002,Bury
E01005028,E05000682,Redvales,E08000002,Bury
E01005029,E05000682,Redvales,E08000002,Bury
E01005030,E05000682,Redvales,E08000002,Bury
E01005031,E05000683,St Mary's,E08000002,Bury
E01005032,E05000683,St Mary's,E08000002,Bury
E01005033,E05000684,Sedgley,E08000002,Bury
E01005034,E05000683,St Mary's,E08000002,Bury
E01005035,E05000683,St Mary's,E08000002,Bury
E01005036,E05000683,St Mary's,E08000002,Bury
E01005037,E05000683,St Mary's,E08000002,Bury
E01005038,E05000683,St Mary's,E08000002,Bury
E01005039,E05000684,Sedgley,E08000002,Bury
E01005040,E05000684,Sedgley,E08000002,Bury
E01005041,E05000684,Sedgley,E08000002,Bury
E01005042,E05000684,Sedgley,E08000002,Bury
E01005043,E05000684,Sedgley,E08000002,Bury
E01005044,E05000684,Sedgley,E08000002,Bury
E01005045,E05000684,Sedgley,E08000002,Bury
E01005046,E05000676,North Manor,E08000002,Bury
E01005047,E05000685,Tottington,E08000002,Bury
E01005048,E05000676,North Manor,E08000002,Bury
E01005049,E05000685,Tottington,E08000002,Bury
E01005050,E05000685,Tottington,E08000002,Bury
E01005051,E05000685,Tottington,E08000002,Bury
E01005052,E05000685,Tottington,E08000002,Bury
E01005053,E05000685,Tottington,E08000002,Bury
E01005054,E05000686,Unsworth,E08000002,Bury
E01005055,E05000686,Unsworth,E08000002,Bury
E01005056,E05000686,Unsworth,E08000002,Bury
E01005057,E05000686,Unsworth,E08000002,Bury
E01005058,E05000686,Unsworth,E08000002,Bury
E01005059,E05000682,Redvales,E08000002,Bury
E01005060,E05000682,Redvales,E08000002,Bury
E01005061,E05000688,Ardwick,E08000003,Manchester
E01005062,E05000688,Ardwick,E08000003,Manchester
E01005063,E05000688,Ardwick,E08000003,Manchester
E01005065,E05000688,Ardwick,E08000003,Manchester
E01005066,E05000688,Ardwick,E08000003,Manchester
E01005067,E05000688,Ardwick,E08000003,Manchester
E01005068,E05000689,Baguley,E08000003,Manchester
E01005069,E05000691,Brooklands,E08000003,Manchester
E01005070,E05000689,Baguley,E08000003,Manchester
E01005071,E05000689,Baguley,E08000003,Manchester
E01005072,E05000689,Baguley,E08000003,Manchester
E01005073,E05000689,Baguley,E08000003,Manchester
E01005074,E05000689,Baguley,E08000003,Manchester
E01005075,E05000689,Baguley,E08000003,Manchester
E01005076,E05000700,Didsbury West,E08000003,Manchester
E01005077,E05000696,Chorlton Park,E08000003,Manchester
E01005290,E05000715,Sharston,E08000003,Manchester
E01005291,E05000715,Sharston,E08000003,Manchester
E01005078,E05000700,Didsbury West,E08000003,Manchester
E01005292,E05000715,Sharston,E08000003,Manchester
E01005079,E05000700,Didsbury West,E08000003,Manchester
E01005293,E05000715,Sharston,E08000003,Manchester
E01005081,E05000696,Chorlton Park,E08000003,Manchester
E01005294,E05000715,Sharston,E08000003,Manchester
E01005082,E05000696,Chorlton Park,E08000003,Manchester
E01005295,E05000715,Sharston,E08000003,Manchester
E01005083,E05000700,Didsbury West,E08000003,Manchester
E01005296,E05000695,Chorlton,E08000003,Manchester
E01005084,E05000696,Chorlton Park,E08000003,Manchester
E01005297,E05000716,Whalley Range,E08000003,Manchester
E01005085,E05000712,Northenden,E08000003,Manchester
E01005298,E05000716,Whalley Range,E08000003,Manchester
E01005086,E05000712,Northenden,E08000003,Manchester
E01005299,E05000716,Whalley Range,E08000003,Manchester
E01005300,E05000716,Whalley Range,E08000003,Manchester
E01005301,E05000716,Whalley Range,E08000003,Manchester
E01005302,E05000716,Whalley Range,E08000003,Manchester
E01005304,E05000717,Withington,E08000003,Manchester
E01005305,E05000717,Withington,E08000003,Manchester
E01005306,E05000699,Didsbury East,E08000003,Manchester
E01005307,E05000717,Withington,E08000003,Manchester
E01005308,E05000699,Didsbury East,E08000003,Manchester
E01005309,E05000717,Withington,E08000003,Manchester
E01005310,E05000717,Withington,E08000003,Manchester
E01005311,E05000717,Withington,E08000003,Manchester
E01005312,E05000717,Withington,E08000003,Manchester
E01005313,E05000718,Woodhouse Park,E08000003,Manchester
E01005314,E05000718,Woodhouse Park,E08000003,Manchester
E01005315,E05000718,Woodhouse Park,E08000003,Manchester
E01005316,E05000718,Woodhouse Park,E08000003,Manchester
E01005317,E05000718,Woodhouse Park,E08000003,Manchester
E01005318,E05000718,Woodhouse Park,E08000003,Manchester
E01005319,E05000718,Woodhouse Park,E08000003,Manchester
E01005320,E05000719,Alexandra,E08000004,Oldham
E01005321,E05000719,Alexandra,E08000004,Oldham
E01005322,E05000719,Alexandra,E08000004,Oldham
E01005323,E05000728,Medlock Vale,E08000004,Oldham
E01005324,E05000728,Medlock Vale,E08000004,Oldham
E01005325,E05000728,Medlock Vale,E08000004,Oldham
E01005326,E05000735,St Mary's,E08000004,Oldham
E01005327,E05000720,Chadderton Central,E08000004,Oldham
E01005328,E05000720,Chadderton Central,E08000004,Oldham
E01005329,E05000720,Chadderton Central,E08000004,Oldham
E01005330,E05000720,Chadderton Central,E08000004,Oldham
E01005331,E05000720,Chadderton Central,E08000004,Oldham
E01005332,E05000720,Chadderton Central,E08000004,Oldham
E01005333,E05000720,Chadderton Central,E08000004,Oldham
E01005334,E05000721,Chadderton North,E08000004,Oldham
E01005335,E05000721,Chadderton North,E08000004,Oldham
E01005336,E05000721,Chadderton North,E08000004,Oldham
E01005337,E05000721,Chadderton North,E08000004,Oldham
E01005338,E05000721,Chadderton North,E08000004,Oldham
E01005339,E05000721,Chadderton North,E08000004,Oldham
E01005340,E05000721,Chadderton North,E08000004,Oldham
E01005087,E05000712,Northenden,E08000003,Manchester
E01005088,E05000715,Sharston,E08000003,Manchester
E01005089,E05000715,Sharston,E08000003,Manchester
E01005090,E05000718,Woodhouse Park,E08000003,Manchester
E01005091,E05000715,Sharston,E08000003,Manchester
E01005092,E05000687,Ancoats and Clayton,E08000003,Manchester
E01005093,E05000687,Ancoats and Clayton,E08000003,Manchester
E01005094,E05000687,Ancoats and Clayton,E08000003,Manchester
E01005097,E05000687,Ancoats and Clayton,E08000003,Manchester
E01005098,E05000705,Higher Blackley,E08000003,Manchester
E01005099,E05000705,Higher Blackley,E08000003,Manchester
E01005100,E05000705,Higher Blackley,E08000003,Manchester
E01005101,E05000705,Higher Blackley,E08000003,Manchester
E01005102,E05000705,Higher Blackley,E08000003,Manchester
E01005103,E05000705,Higher Blackley,E08000003,Manchester
E01005104,E05000705,Higher Blackley,E08000003,Manchester
E01005105,E05000690,Bradford,E08000003,Manchester
E01005106,E05000690,Bradford,E08000003,Manchester
E01005107,E05000690,Bradford,E08000003,Manchester
E01005108,E05000690,Bradford,E08000003,Manchester
E01005111,E05000691,Brooklands,E08000003,Manchester
E01005112,E05000689,Baguley,E08000003,Manchester
E01005113,E05000691,Brooklands,E08000003,Manchester
E01005114,E05000691,Brooklands,E08000003,Manchester
E01005115,E05000691,Brooklands,E08000003,Manchester
E01005116,E05000691,Brooklands,E08000003,Manchester
E01005117,E05000689,Baguley,E08000003,Manchester
E01005118,E05000692,Burnage,E08000003,Manchester
E01005119,E05000692,Burnage,E08000003,Manchester
E01005120,E05000692,Burnage,E08000003,Manchester
E01005121,E05000692,Burnage,E08000003,Manchester
E01005122,E05000692,Burnage,E08000003,Manchester
E01005123,E05000692,Burnage,E08000003,Manchester
E01005124,E05000692,Burnage,E08000003,Manchester
E01005125,E05000692,Burnage,E08000003,Manchester
E01005126,E05000692,Burnage,E08000003,Manchester
E01005128,E05000697,City Centre,E08000003,Manchester
E01005129,E05000709,Miles Platting and Newton Heath,E08000003,Manchester
E01005130,E05000709,Miles Platting and Newton Heath,E08000003,Manchester
E01005132,E05000687,Ancoats and Clayton,E08000003,Manchester
E01005133,E05000687,Ancoats and Clayton,E08000003,Manchester
E01005551,E05000758,West Middleton,E08000005,Rochdale
E01005552,E05000758,West Middleton,E08000005,Rochdale
E01005553,E05000758,West Middleton,E08000005,Rochdale
E01005554,E05000758,West Middleton,E08000005,Rochdale
E01005555,E05000749,Milnrow and Newhey,E08000005,Rochdale
E01005556,E05000749,Milnrow and Newhey,E08000005,Rochdale
E01005557,E05000749,Milnrow and Newhey,E08000005,Rochdale
E01005558,E05000749,Milnrow and Newhey,E08000005,Rochdale
E01005559,E05000753,Smallbridge and Firgrove,E08000005,Rochdale
E01005560,E05000749,Milnrow and Newhey,E08000005,Rochdale
E01005561,E05000749,Milnrow and Newhey,E08000005,Rochdale
E01005341,E05000722,Chadderton South,E08000004,Oldham
E01005562,E05000749,Milnrow and Newhey,E08000005,Rochdale
E01005563,E05000746,Kingsway,E08000005,Rochdale
E01005564,E05000748,Milkstone and Deeplish,E08000005,Rochdale
E01005565,E05000746,Kingsway,E08000005,Rochdale
E01005566,E05000746,Kingsway,E08000005,Rochdale
E01005567,E05000753,Smallbridge and Firgrove,E08000005,Rochdale
E01005568,E05000746,Kingsway,E08000005,Rochdale
E01005569,E05000746,Kingsway,E08000005,Rochdale
E01005570,E05000750,Norden,E08000005,Rochdale
E01005571,E05000750,Norden,E08000005,Rochdale
E01005572,E05000750,Norden,E08000005,Rochdale
E01005573,E05000750,Norden,E08000005,Rochdale
E01005574,E05000740,Bamford,E08000005,Rochdale
E01005575,E05000740,Bamford,E08000005,Rochdale
E01005576,E05000740,Bamford,E08000005,Rochdale
E01005577,E05000740,Bamford,E08000005,Rochdale
E01005578,E05000753,Smallbridge and Firgrove,E08000005,Rochdale
E01005579,E05000753,Smallbridge and Firgrove,E08000005,Rochdale
E01005580,E05000742,Central Rochdale,E08000005,Rochdale
E01005581,E05000753,Smallbridge and Firgrove,E08000005,Rochdale
E01005583,E05000742,Central Rochdale,E08000005,Rochdale
E01005585,E05000746,Kingsway,E08000005,Rochdale
E01005586,E05000753,Smallbridge and Firgrove,E08000005,Rochdale
E01005587,E05000750,Norden,E08000005,Rochdale
E01005588,E05000755,Spotland and Falinge,E08000005,Rochdale
E01005589,E05000755,Spotland and Falinge,E08000005,Rochdale
E01005590,E05000755,Spotland and Falinge,E08000005,Rochdale
E01005591,E05000755,Spotland and Falinge,E08000005,Rochdale
E01005592,E05000755,Spotland and Falinge,E08000005,Rochdale
E01005593,E05000753,Smallbridge and Firgrove,E08000005,Rochdale
E01005594,E05000756,Wardle and West Littleborough,E08000005,Rochdale
E01005595,E05000753,Smallbridge and Firgrove,E08000005,Rochdale
E01005596,E05000756,Wardle and West Littleborough,E08000005,Rochdale
E01005597,E05000756,Wardle and West Littleborough,E08000005,Rochdale
E01005598,E05000756,Wardle and West Littleborough,E08000005,Rochdale
E01005599,E05000759,Barton,E08000006,Salford
E01005600,E05000759,Barton,E08000006,Salford
E01005601,E05000759,Barton,E08000006,Salford
E01005602,E05000759,Barton,E08000006,Salford
E01005342,E05000722,Chadderton South,E08000004,Oldham
E01005343,E05000722,Chadderton South,E08000004,Oldham
E01005344,E05000722,Chadderton South,E08000004,Oldham
E01005345,E05000722,Chadderton South,E08000004,Oldham
E01005346,E05000722,Chadderton South,E08000004,Oldham
E01005347,E05000722,Chadderton South,E08000004,Oldham
E01005348,E05000723,Coldhurst,E08000004,Oldham
E01005349,E05000723,Coldhurst,E08000004,Oldham
E01005350,E05000723,Coldhurst,E08000004,Oldham
E01005351,E05000723,Coldhurst,E08000004,Oldham
E01005352,E05000723,Coldhurst,E08000004,Oldham
E01005353,E05000723,Coldhurst,E08000004,Oldham
E01005354,E05000723,Coldhurst,E08000004,Oldham
E01005355,E05000724,Crompton,E08000004,Oldham
E01005356,E05000724,Crompton,E08000004,Oldham
E01005357,E05000724,Crompton,E08000004,Oldham
E01005358,E05000724,Crompton,E08000004,Oldham
E01005359,E05000724,Crompton,E08000004,Oldham
E01005360,E05000724,Crompton,E08000004,Oldham
E01005361,E05000724,Crompton,E08000004,Oldham
E01005362,E05000725,Failsworth East,E08000004,Oldham
E01005363,E05000725,Failsworth East,E08000004,Oldham
E01005364,E05000725,Failsworth East,E08000004,Oldham
E01005365,E05000725,Failsworth East,E08000004,Oldham
E01005366,E05000725,Failsworth East,E08000004,Oldham
E01005367,E05000726,Failsworth West,E08000004,Oldham
E01005368,E05000725,Failsworth East,E08000004,Oldham
E01005369,E05000726,Failsworth West,E08000004,Oldham
E01005370,E05000726,Failsworth West,E08000004,Oldham
E01005371,E05000726,Failsworth West,E08000004,Oldham
E01005372,E05000726,Failsworth West,E08000004,Oldham
E01005373,E05000726,Failsworth West,E08000004,Oldham
E01005374,E05000726,Failsworth West,E08000004,Oldham
E01005375,E05000726,Failsworth West,E08000004,Oldham
E01005376,E05000727,Hollinwood,E08000004,Oldham
E01005377,E05000727,Hollinwood,E08000004,Oldham
E01005378,E05000727,Hollinwood,E08000004,Oldham
E01005379,E05000727,Hollinwood,E08000004,Oldham
E01005380,E05000727,Hollinwood,E08000004,Oldham
E01005381,E05000727,Hollinwood,E08000004,Oldham
E01005382,E05000727,Hollinwood,E08000004,Oldham
E01005383,E05000719,Alexandra,E08000004,Oldham
E01005386,E05000719,Alexandra,E08000004,Oldham
E01005387,E05000733,Saddleworth West and Lees,E08000004,Oldham
E01005388,E05000733,Saddleworth West and Lees,E08000004,Oldham
E01005389,E05000733,Saddleworth West and Lees,E08000004,Oldham
E01005390,E05000729,Royton North,E08000004,Oldham
E01005391,E05000729,Royton North,E08000004,Oldham
E01005392,E05000729,Royton North,E08000004,Oldham
E01005393,E05000729,Royton North,E08000004,Oldham
E01005449,E05000737,Waterhead,E08000004,Oldham
E01005501,E05000751,North Heywood,E08000005,Rochdale
E01005603,E05000759,Barton,E08000006,Salford
E01005711,E05000775,Walkden South,E08000006,Salford
E01005656,E05000768,Langworthy,E08000006,Salford
E01005394,E05000729,Royton North,E08000004,Oldham
E01005657,E05000768,Langworthy,E08000006,Salford
E01005450,E05000737,Waterhead,E08000004,Oldham
E01005395,E05000729,Royton North,E08000004,Oldham
E01005502,E05000751,North Heywood,E08000005,Rochdale
E01005658,E05000768,Langworthy,E08000006,Salford
E01005604,E05000759,Barton,E08000006,Salford
E01005451,E05000737,Waterhead,E08000004,Oldham
E01005712,E05000775,Walkden South,E08000006,Salford
E01005396,E05000729,Royton North,E08000004,Oldham
E01005503,E05000745,Hopwood Hall,E08000005,Rochdale
E01005504,E05000745,Hopwood Hall,E08000005,Rochdale
E01005505,E05000757,West Heywood,E08000005,Rochdale
E01005506,E05000745,Hopwood Hall,E08000005,Rochdale
E01005507,E05000745,Hopwood Hall,E08000005,Rochdale
E01005508,E05000745,Hopwood Hall,E08000005,Rochdale
E01005509,E05000757,West Heywood,E08000005,Rochdale
E01005510,E05000757,West Heywood,E08000005,Rochdale
E01005511,E05000757,West Heywood,E08000005,Rochdale
E01005512,E05000757,West Heywood,E08000005,Rochdale
E01005513,E05000757,West Heywood,E08000005,Rochdale
E01005514,E05000757,West Heywood,E08000005,Rochdale
E01005515,E05000757,West Heywood,E08000005,Rochdale
E01005516,E05000747,Littleborough Lakeside,E08000005,Rochdale
E01005517,E05000747,Littleborough Lakeside,E08000005,Rochdale
E01005518,E05000747,Littleborough Lakeside,E08000005,Rochdale
E01005519,E05000756,Wardle and West Littleborough,E08000005,Rochdale
E01005520,E05000747,Littleborough Lakeside,E08000005,Rochdale
E01005521,E05000747,Littleborough Lakeside,E08000005,Rochdale
E01005522,E05000747,Littleborough Lakeside,E08000005,Rochdale
E01005523,E05000756,Wardle and West Littleborough,E08000005,Rochdale
E01005524,E05000752,North Middleton,E08000005,Rochdale
E01005525,E05000745,Hopwood Hall,E08000005,Rochdale
E01005526,E05000745,Hopwood Hall,E08000005,Rochdale
E01005527,E05000758,West Middleton,E08000005,Rochdale
E01005528,E05000745,Hopwood Hall,E08000005,Rochdale
E01005529,E05000758,West Middleton,E08000005,Rochdale
E01005530,E05000743,East Middleton,E08000005,Rochdale
E01005531,E05000743,East Middleton,E08000005,Rochdale
E01005532,E05000743,East Middleton,E08000005,Rochdale
E01005533,E05000743,East Middleton,E08000005,Rochdale
E01005534,E05000743,East Middleton,E08000005,Rochdale
E01005535,E05000743,East Middleton,E08000005,Rochdale
E01005536,E05000752,North Middleton,E08000005,Rochdale
E01005537,E05000752,North Middleton,E08000005,Rochdale
E01005538,E05000752,North Middleton,E08000005,Rochdale
E01005539,E05000752,North Middleton,E08000005,Rochdale
E01005540,E05000743,East Middleton,E08000005,Rochdale
E01005541,E05000752,North Middleton,E08000005,Rochdale
E01005542,E05000743,East Middleton,E08000005,Rochdale
E01005543,E05000752,North Middleton,E08000005,Rochdale
E01005544,E05000754,South Middleton,E08000005,Rochdale
E01005545,E05000754,South Middleton,E08000005,Rochdale
E01005546,E05000754,South Middleton,E08000005,Rochdale
E01005547,E05000754,South Middleton,E08000005,Rochdale
E01005548,E05000754,South Middleton,E08000005,Rochdale
E01005549,E05000754,South Middleton,E08000005,Rochdale
E01005550,E05000754,South Middleton,E08000005,Rochdale
E01005605,E05000759,Barton,E08000006,Salford
E01005659,E05000769,Little Hulton,E08000006,Salford
E01005609,E05000761,Broughton,E08000006,Salford
E01005452,E05000734,St James',E08000004,Oldham
E01005713,E05000775,Walkden South,E08000006,Salford
E01005397,E05000730,Royton South,E08000004,Oldham
E01005453,E05000734,St James',E08000004,Oldham
E01005398,E05000730,Royton South,E08000004,Oldham
E01005714,E05000775,Walkden South,E08000006,Salford
E01005454,E05000737,Waterhead,E08000004,Oldham
E01005610,E05000761,Broughton,E08000006,Salford
E01005660,E05000769,Little Hulton,E08000006,Salford
E01005399,E05000730,Royton South,E08000004,Oldham
E01005715,E05000775,Walkden South,E08000006,Salford
E01005455,E05000737,Waterhead,E08000004,Oldham
E01005611,E05000761,Broughton,E08000006,Salford
E01005661,E05000769,Little Hulton,E08000006,Salford
E01005400,E05000730,Royton South,E08000004,Oldham
E01005716,E05000760,Boothstown and Ellenbrook,E08000006,Salford
E01005456,E05000737,Waterhead,E08000004,Oldham
E01005612,E05000761,Broughton,E08000006,Salford
E01005662,E05000769,Little Hulton,E08000006,Salford
E01005401,E05000730,Royton South,E08000004,Oldham
E01005717,E05000760,Boothstown and Ellenbrook,E08000006,Salford
E01005459,E05000738,Werneth,E08000004,Oldham
E01005613,E05000761,Broughton,E08000006,Salford
E01005663,E05000769,Little Hulton,E08000006,Salford
E01005402,E05000730,Royton South,E08000004,Oldham
E01005718,E05000775,Walkden South,E08000006,Salford
E01005460,E05000738,Werneth,E08000004,Oldham
E01005614,E05000761,Broughton,E08000006,Salford
E01005664,E05000769,Little Hulton,E08000006,Salford
E01005403,E05000730,Royton South,E08000004,Oldham
E01005719,E05000776,Weaste and Seedley,E08000006,Salford
E01005461,E05000738,Werneth,E08000004,Oldham
E01005615,E05000761,Broughton,E08000006,Salford
E01005665,E05000769,Little Hulton,E08000006,Salford
E01005406,E05000732,Saddleworth South,E08000004,Oldham
E01005720,E05000776,Weaste and Seedley,E08000006,Salford
E01005462,E05000738,Werneth,E08000004,Oldham
E01005616,E05000762,Cadishead,E08000006,Salford
E01005667,E05000770,Ordsall,E08000006,Salford
E01005407,E05000732,Saddleworth South,E08000004,Oldham
E01005721,E05000768,Langworthy,E08000006,Salford
E01005463,E05000738,Werneth,E08000004,Oldham
E01005617,E05000762,Cadishead,E08000006,Salford
E01005670,E05000771,Pendlebury,E08000006,Salford
E01005408,E05000732,Saddleworth South,E08000004,Oldham
E01005722,E05000776,Weaste and Seedley,E08000006,Salford
E01005464,E05000739,Balderstone and Kirkholt,E08000005,Rochdale
E01005618,E05000762,Cadishead,E08000006,Salford
E01005671,E05000773,Swinton South,E08000006,Salford
E01005409,E05000732,Saddleworth South,E08000004,Oldham
E01005723,E05000776,Weaste and Seedley,E08000006,Salford
E01005465,E05000739,Balderstone and Kirkholt,E08000005,Rochdale
E01005466,E05000739,Balderstone and Kirkholt,E08000005,Rochdale
E01005467,E05000739,Balderstone and Kirkholt,E08000005,Rochdale
E01005468,E05000739,Balderstone and Kirkholt,E08000005,Rochdale
E01005469,E05000746,Kingsway,E08000005,Rochdale
E01005470,E05000748,Milkstone and Deeplish,E08000005,Rochdale
E01005471,E05000748,Milkstone and Deeplish,E08000005,Rochdale
E01005472,E05000740,Bamford,E08000005,Rochdale
E01005473,E05000748,Milkstone and Deeplish,E08000005,Rochdale
E01005474,E05000740,Bamford,E08000005,Rochdale
E01005475,E05000748,Milkstone and Deeplish,E08000005,Rochdale
E01005476,E05000741,Castleton,E08000005,Rochdale
E01005477,E05000741,Castleton,E08000005,Rochdale
E01005478,E05000741,Castleton,E08000005,Rochdale
E01005479,E05000741,Castleton,E08000005,Rochdale
E01005480,E05000741,Castleton,E08000005,Rochdale
E01005481,E05000741,Castleton,E08000005,Rochdale
E01005482,E05000742,Central Rochdale,E08000005,Rochdale
E01005483,E05000755,Spotland and Falinge,E08000005,Rochdale
E01005484,E05000748,Milkstone and Deeplish,E08000005,Rochdale
E01005485,E05000748,Milkstone and Deeplish,E08000005,Rochdale
E01005486,E05000742,Central Rochdale,E08000005,Rochdale
E01005487,E05000755,Spotland and Falinge,E08000005,Rochdale
E01005488,E05000750,Norden,E08000005,Rochdale
E01005489,E05000744,Healey,E08000005,Rochdale
E01005490,E05000744,Healey,E08000005,Rochdale
E01005491,E05000744,Healey,E08000005,Rochdale
E01005492,E05000744,Healey,E08000005,Rochdale
E01005493,E05000744,Healey,E08000005,Rochdale
E01005494,E05000744,Healey,E08000005,Rochdale
E01005495,E05000744,Healey,E08000005,Rochdale
E01005496,E05000755,Spotland and Falinge,E08000005,Rochdale
E01005497,E05000751,North Heywood,E08000005,Rochdale
E01005498,E05000751,North Heywood,E08000005,Rochdale
E01005499,E05000751,North Heywood,E08000005,Rochdale
E01005500,E05000751,North Heywood,E08000005,Rochdale
E01005619,E05000762,Cadishead,E08000006,Salford
E01005724,E05000776,Weaste and Seedley,E08000006,Salford
E01005410,E05000731,Saddleworth North,E08000004,Oldham
E01005620,E05000762,Cadishead,E08000006,Salford
E01005725,E05000777,Winton,E08000006,Salford
E01005411,E05000731,Saddleworth North,E08000004,Oldham
E01005672,E05000773,Swinton South,E08000006,Salford
E01005621,E05000762,Cadishead,E08000006,Salford
E01005726,E05000777,Winton,E08000006,Salford
E01005412,E05000731,Saddleworth North,E08000004,Oldham
E01005673,E05000771,Pendlebury,E08000006,Salford
E01005727,E05000777,Winton,E08000006,Salford
E01005622,E05000763,Claremont,E08000006,Salford
E01005728,E05000777,Winton,E08000006,Salford
E01005674,E05000773,Swinton South,E08000006,Salford
E01005623,E05000763,Claremont,E08000006,Salford
E01005729,E05000777,Winton,E08000006,Salford
E01005413,E05000733,Saddleworth West and Lees,E08000004,Oldham
E01005675,E05000771,Pendlebury,E08000006,Salford
E01005624,E05000766,Irwell Riverside,E08000006,Salford
E01005414,E05000731,Saddleworth North,E08000004,Oldham
E01005730,E05000777,Winton,E08000006,Salford
E01005676,E05000771,Pendlebury,E08000006,Salford
E01005625,E05000763,Claremont,E08000006,Salford
E01005415,E05000731,Saddleworth North,E08000004,Oldham
E01005731,E05000777,Winton,E08000006,Salford
E01005677,E05000771,Pendlebury,E08000006,Salford
E01005626,E05000763,Claremont,E08000006,Salford
E01005416,E05000731,Saddleworth North,E08000004,Oldham
E01005732,E05000777,Winton,E08000006,Salford
E01005678,E05000771,Pendlebury,E08000006,Salford
E01005627,E05000763,Claremont,E08000006,Salford
E01005417,E05000731,Saddleworth North,E08000004,Oldham
E01005733,E05000777,Winton,E08000006,Salford
E01005679,E05000771,Pendlebury,E08000006,Salford
E01005628,E05000763,Claremont,E08000006,Salford
E01005418,E05000733,Saddleworth West and Lees,E08000004,Oldham
E01005734,E05000760,Boothstown and Ellenbrook,E08000006,Salford
E01005680,E05000768,Langworthy,E08000006,Salford
E01005629,E05000776,Weaste and Seedley,E08000006,Salford
E01005419,E05000733,Saddleworth West and Lees,E08000004,Oldham
E01005735,E05000760,Boothstown and Ellenbrook,E08000006,Salford
E01005681,E05000768,Langworthy,E08000006,Salford
E01005630,E05000776,Weaste and Seedley,E08000006,Salford
E01005420,E05000733,Saddleworth West and Lees,E08000004,Oldham
E01005736,E05000760,Boothstown and Ellenbrook,E08000006,Salford
E01005682,E05000768,Langworthy,E08000006,Salford
E01005631,E05000764,Eccles,E08000006,Salford
E01005421,E05000734,St James',E08000004,Oldham
E01005737,E05000778,Worsley,E08000006,Salford
E01005683,E05000766,Irwell Riverside,E08000006,Salford
E01005632,E05000764,Eccles,E08000006,Salford
E01005422,E05000734,St James',E08000004,Oldham
E01005738,E05000778,Worsley,E08000006,Salford
E01005686,E05000772,Swinton North,E08000006,Salford
E01005633,E05000764,Eccles,E08000006,Salford
E01005427,E05000735,St Mary's,E08000004,Oldham
E01005739,E05000760,Boothstown and Ellenbrook,E08000006,Salford
E01005687,E05000772,Swinton North,E08000006,Salford
E01005634,E05000764,Eccles,E08000006,Salford
E01005428,E05000737,Waterhead,E08000004,Oldham
E01005740,E05000778,Worsley,E08000006,Salford
E01005741,E05000778,Worsley,E08000006,Salford
E01005742,E05000778,Worsley,E08000006,Salford
E01005743,E05000781,Bredbury and Woodley,E08000007,Stockport
E01005744,E05000781,Bredbury and Woodley,E08000007,Stockport
E01005745,E05000781,Bredbury and Woodley,E08000007,Stockport
E01005746,E05000781,Bredbury and Woodley,E08000007,Stockport
E01005747,E05000781,Bredbury and Woodley,E08000007,Stockport
E01005748,E05000781,Bredbury and Woodley,E08000007,Stockport
E01005749,E05000781,Bredbury and Woodley,E08000007,Stockport
E01005750,E05000781,Bredbury and Woodley,E08000007,Stockport
E01005751,E05000781,Bredbury and Woodley,E08000007,Stockport
E01005752,E05000782,Bredbury Green and Romiley,E08000007,Stockport
E01005753,E05000783,Brinnington and Central,E08000007,Stockport
E01005754,E05000783,Brinnington and Central,E08000007,Stockport
E01005755,E05000783,Brinnington and Central,E08000007,Stockport
E01005756,E05000783,Brinnington and Central,E08000007,Stockport
E01005757,E05000783,Brinnington and Central,E08000007,Stockport
E01005758,E05000783,Brinnington and Central,E08000007,Stockport
E01005759,E05000787,Davenport and Cale Green,E08000007,Stockport
E01005760,E05000787,Davenport and Cale Green,E08000007,Stockport
E01005635,E05000764,Eccles,E08000006,Salford
E01005636,E05000764,Eccles,E08000006,Salford
E01005637,E05000764,Eccles,E08000006,Salford
E01005638,E05000759,Barton,E08000006,Salford
E01005639,E05000765,Irlam,E08000006,Salford
E01005640,E05000765,Irlam,E08000006,Salford
E01005641,E05000765,Irlam,E08000006,Salford
E01005642,E05000765,Irlam,E08000006,Salford
E01005643,E05000765,Irlam,E08000006,Salford
E01005644,E05000765,Irlam,E08000006,Salford
E01005645,E05000765,Irlam,E08000006,Salford
E01005646,E05000767,Kersal,E08000006,Salford
E01005647,E05000767,Kersal,E08000006,Salford
E01005648,E05000767,Kersal,E08000006,Salford
E01005649,E05000767,Kersal,E08000006,Salford
E01005650,E05000767,Kersal,E08000006,Salford
E01005429,E05000735,St Mary's,E08000004,Oldham
E01005651,E05000767,Kersal,E08000006,Salford
E01005430,E05000735,St Mary's,E08000004,Oldham
E01005652,E05000767,Kersal,E08000006,Salford
E01005431,E05000735,St Mary's,E08000004,Oldham
E01005653,E05000767,Kersal,E08000006,Salford
E01005432,E05000735,St Mary's,E08000004,Oldham
E01005433,E05000735,St Mary's,E08000004,Oldham
E01005654,E05000768,Langworthy,E08000006,Salford
E01005434,E05000719,Alexandra,E08000004,Oldham
E01005655,E05000768,Langworthy,E08000006,Salford
E01005435,E05000728,Medlock Vale,E08000004,Oldham
E01005436,E05000728,Medlock Vale,E08000004,Oldham
E01005437,E05000728,Medlock Vale,E08000004,Oldham
E01005438,E05000728,Medlock Vale,E08000004,Oldham
E01005439,E05000727,Hollinwood,E08000004,Oldham
E01005440,E05000728,Medlock Vale,E08000004,Oldham
E01005441,E05000736,Shaw,E08000004,Oldham
E01005442,E05000736,Shaw,E08000004,Oldham
E01005443,E05000736,Shaw,E08000004,Oldham
E01005444,E05000736,Shaw,E08000004,Oldham
E01005445,E05000736,Shaw,E08000004,Oldham
E01005446,E05000736,Shaw,E08000004,Oldham
E01005447,E05000736,Shaw,E08000004,Oldham
E01005448,E05000737,Waterhead,E08000004,Oldham
E01005688,E05000772,Swinton North,E08000006,Salford
E01005689,E05000772,Swinton North,E08000006,Salford
E01005690,E05000773,Swinton South,E08000006,Salford
E01005691,E05000772,Swinton North,E08000006,Salford
E01005692,E05000772,Swinton North,E08000006,Salford
E01005693,E05000772,Swinton North,E08000006,Salford
E01005694,E05000773,Swinton South,E08000006,Salford
E01005695,E05000778,Worsley,E08000006,Salford
E01005696,E05000773,Swinton South,E08000006,Salford
E01005697,E05000778,Worsley,E08000006,Salford
E01005698,E05000773,Swinton South,E08000006,Salford
E01005699,E05000763,Claremont,E08000006,Salford
E01005700,E05000773,Swinton South,E08000006,Salford
E01005701,E05000773,Swinton South,E08000006,Salford
E01005702,E05000774,Walkden North,E08000006,Salford
E01005703,E05000774,Walkden North,E08000006,Salford
E01005704,E05000774,Walkden North,E08000006,Salford
E01005705,E05000774,Walkden North,E08000006,Salford
E01005706,E05000774,Walkden North,E08000006,Salford
E01005707,E05000774,Walkden North,E08000006,Salford
E01005708,E05000774,Walkden North,E08000006,Salford
E01005709,E05000769,Little Hulton,E08000006,Salford
E01005710,E05000769,Little Hulton,E08000006,Salford
E01005761,E05000787,Davenport and Cale Green,E08000007,Stockport
E01005762,E05000787,Davenport and Cale Green,E08000007,Stockport
E01005763,E05000787,Davenport and Cale Green,E08000007,Stockport
E01005764,E05000788,Edgeley and Cheadle Heath,E08000007,Stockport
E01005765,E05000788,Edgeley and Cheadle Heath,E08000007,Stockport
E01005766,E05000783,Brinnington and Central,E08000007,Stockport
E01005767,E05000784,Cheadle and Gatley,E08000007,Stockport
E01005768,E05000784,Cheadle and Gatley,E08000007,Stockport
E01005769,E05000784,Cheadle and Gatley,E08000007,Stockport
E01005770,E05000784,Cheadle and Gatley,E08000007,Stockport
E01005771,E05000784,Cheadle and Gatley,E08000007,Stockport
E01005772,E05000784,Cheadle and Gatley,E08000007,Stockport
E01005773,E05000784,Cheadle and Gatley,E08000007,Stockport
E01005774,E05000784,Cheadle and Gatley,E08000007,Stockport
E01005775,E05000784,Cheadle and Gatley,E08000007,Stockport
E01005776,E05000784,Cheadle and Gatley,E08000007,Stockport
E01005777,E05000786,Cheadle Hulme South,E08000007,Stockport
E01005778,E05000785,Cheadle Hulme North,E08000007,Stockport
E01005779,E05000785,Cheadle Hulme North,E08000007,Stockport
E01005780,E05000785,Cheadle Hulme North,E08000007,Stockport
E01005781,E05000785,Cheadle Hulme North,E08000007,Stockport
E01005782,E05000785,Cheadle Hulme North,E08000007,Stockport
E01005783,E05000785,Cheadle Hulme North,E08000007,Stockport
E01005784,E05000785,Cheadle Hulme North,E08000007,Stockport
E01005785,E05000785,Cheadle Hulme North,E08000007,Stockport
E01005786,E05000785,Cheadle Hulme North,E08000007,Stockport
E01005787,E05000786,Cheadle Hulme South,E08000007,Stockport
E01005788,E05000786,Cheadle Hulme South,E08000007,Stockport
E01005789,E05000786,Cheadle Hulme South,E08000007,Stockport
E01005790,E05000786,Cheadle Hulme South,E08000007,Stockport
E01005791,E05000786,Cheadle Hulme South,E08000007,Stockport
E01005792,E05000780,Bramhall South and Woodford,E08000007,Stockport
E01005793,E05000786,Cheadle Hulme South,E08000007,Stockport
E01005794,E05000780,Bramhall South and Woodford,E08000007,Stockport
E01005795,E05000780,Bramhall South and Woodford,E08000007,Stockport
E01005796,E05000786,Cheadle Hulme South,E08000007,Stockport
E01005797,E05000787,Davenport and Cale Green,E08000007,Stockport
E01005798,E05000799,Stepping Hill,E08000007,Stockport
E01005799,E05000787,Davenport and Cale Green,E08000007,Stockport
E01005800,E05000787,Davenport and Cale Green,E08000007,Stockport
E01005801,E05000799,Stepping Hill,E08000007,Stockport
E01005802,E05000799,Stepping Hill,E08000007,Stockport
E01005803,E05000799,Stepping Hill,E08000007,Stockport
E01005804,E05000787,Davenport and Cale Green,E08000007,Stockport
E01005805,E05000789,Hazel Grove,E08000007,Stockport
E01005806,E05000799,Stepping Hill,E08000007,Stockport
E01005807,E05000789,Hazel Grove,E08000007,Stockport
E01005808,E05000779,Bramhall North,E08000007,Stockport
E01005809,E05000779,Bramhall North,E08000007,Stockport
E01005810,E05000779,Bramhall North,E08000007,Stockport
E01005811,E05000779,Bramhall North,E08000007,Stockport
E01005812,E05000779,Bramhall North,E08000007,Stockport
E01005813,E05000779,Bramhall North,E08000007,Stockport
E01005814,E05000799,Stepping Hill,E08000007,Stockport
E01005815,E05000799,Stepping Hill,E08000007,Stockport
E01005816,E05000788,Edgeley and Cheadle Heath,E08000007,Stockport
E01005817,E05000788,Edgeley and Cheadle Heath,E08000007,Stockport
E01005818,E05000788,Edgeley and Cheadle Heath,E08000007,Stockport
E01005819,E05000788,Edgeley and Cheadle Heath,E08000007,Stockport
E01005820,E05000788,Edgeley and Cheadle Heath,E08000007,Stockport
E01005821,E05000788,Edgeley and Cheadle Heath,E08000007,Stockport
E01005822,E05000788,Edgeley and Cheadle Heath,E08000007,Stockport
E01005823,E05000788,Edgeley and Cheadle Heath,E08000007,Stockport
E01005824,E05000796,Offerton,E08000007,Stockport
E01005825,E05000793,Manor,E08000007,Stockport
E01005826,E05000796,Offerton,E08000007,Stockport
E01005827,E05000796,Offerton,E08000007,Stockport
E01005828,E05000796,Offerton,E08000007,Stockport
E01005829,E05000796,Offerton,E08000007,Stockport
E01005830,E05000799,Stepping Hill,E08000007,Stockport
E01005831,E05000799,Stepping Hill,E08000007,Stockport
E01005832,E05000796,Offerton,E08000007,Stockport
E01005833,E05000796,Offerton,E08000007,Stockport
E01005834,E05000789,Hazel Grove,E08000007,Stockport
E01005835,E05000796,Offerton,E08000007,Stockport
E01005836,E05000789,Hazel Grove,E08000007,Stockport
E01005837,E05000796,Offerton,E08000007,Stockport
E01005838,E05000789,Hazel Grove,E08000007,Stockport
E01005839,E05000789,Hazel Grove,E08000007,Stockport
E01005840,E05000789,Hazel Grove,E08000007,Stockport
E01005841,E05000789,Hazel Grove,E08000007,Stockport
E01005842,E05000789,Hazel Grove,E08000007,Stockport
E01005843,E05000796,Offerton,E08000007,Stockport
E01005844,E05000790,Heald Green,E08000007,Stockport
E01005845,E05000790,Heald Green,E08000007,Stockport
E01005846,E05000790,Heald Green,E08000007,Stockport
E01005847,E05000790,Heald Green,E08000007,Stockport
E01005848,E05000790,Heald Green,E08000007,Stockport
E01005849,E05000790,Heald Green,E08000007,Stockport
E01005850,E05000790,Heald Green,E08000007,Stockport
E01005851,E05000790,Heald Green,E08000007,Stockport
E01005852,E05000792,Heatons South,E08000007,Stockport
E01005853,E05000792,Heatons South,E08000007,Stockport
E01005854,E05000792,Heatons South,E08000007,Stockport
E01005855,E05000792,Heatons South,E08000007,Stockport
E01005856,E05000792,Heatons South,E08000007,Stockport
E01005857,E05000792,Heatons South,E08000007,Stockport
E01005858,E05000792,Heatons South,E08000007,Stockport
E01005859,E05000791,Heatons North,E08000007,Stockport
E01005860,E05000792,Heatons South,E08000007,Stockport
E01005911,E05000795,Marple South and High Lane,E08000007,Stockport
E01005912,E05000795,Marple South and High Lane,E08000007,Stockport
E01006111,E05000825,Clifford,E08000009,Trafford
E01005913,E05000795,Marple South and High Lane,E08000007,Stockport
E01005914,E05000798,Reddish South,E08000007,Stockport
E01005861,E05000792,Heatons South,E08000007,Stockport
E01005915,E05000798,Reddish South,E08000007,Stockport
E01005916,E05000798,Reddish South,E08000007,Stockport
E01005917,E05000798,Reddish South,E08000007,Stockport
E01005918,E05000783,Brinnington and Central,E08000007,Stockport
E01005919,E05000791,Heatons North,E08000007,Stockport
E01005920,E05000791,Heatons North,E08000007,Stockport
E01005921,E05000798,Reddish South,E08000007,Stockport
E01005922,E05000798,Reddish South,E08000007,Stockport
E01005923,E05000780,Bramhall South and Woodford,E08000007,Stockport
E01005924,E05000780,Bramhall South and Woodford,E08000007,Stockport
E01005925,E05000780,Bramhall South and Woodford,E08000007,Stockport
E01005926,E05000780,Bramhall South and Woodford,E08000007,Stockport
E01005927,E05000779,Bramhall North,E08000007,Stockport
E01005928,E05000779,Bramhall North,E08000007,Stockport
E01005929,E05000779,Bramhall North,E08000007,Stockport
E01005930,E05000779,Bramhall North,E08000007,Stockport
E01005931,E05000780,Bramhall South and Woodford,E08000007,Stockport
E01005932,E05000780,Bramhall South and Woodford,E08000007,Stockport
E01005933,E05000800,Ashton Hurst,E08000008,Tameside
E01005934,E05000800,Ashton Hurst,E08000008,Tameside
E01005935,E05000800,Ashton Hurst,E08000008,Tameside
E01005936,E05000800,Ashton Hurst,E08000008,Tameside
E01005937,E05000800,Ashton Hurst,E08000008,Tameside
E01005938,E05000800,Ashton Hurst,E08000008,Tameside
E01005939,E05000800,Ashton Hurst,E08000008,Tameside
E01005940,E05000800,Ashton Hurst,E08000008,Tameside
E01005941,E05000801,Ashton St Michael's,E08000008,Tameside
E01005942,E05000801,Ashton St Michael's,E08000008,Tameside
E01005943,E05000801,Ashton St Michael's,E08000008,Tameside
E01005944,E05000801,Ashton St Michael's,E08000008,Tameside
E01005945,E05000801,Ashton St Michael's,E08000008,Tameside
E01005946,E05000801,Ashton St Michael's,E08000008,Tameside
E01005947,E05000801,Ashton St Michael's,E08000008,Tameside
E01005948,E05000816,St Peter's,E08000008,Tameside
E01005949,E05000816,St Peter's,E08000008,Tameside
E01005950,E05000816,St Peter's,E08000008,Tameside
E01005951,E05000816,St Peter's,E08000008,Tameside
E01005952,E05000816,St Peter's,E08000008,Tameside
E01005953,E05000816,St Peter's,E08000008,Tameside
E01005954,E05000802,Ashton Waterloo,E08000008,Tameside
E01005955,E05000802,Ashton Waterloo,E08000008,Tameside
E01005956,E05000802,Ashton Waterloo,E08000008,Tameside
E01005957,E05000802,Ashton Waterloo,E08000008,Tameside
E01005958,E05000802,Ashton Waterloo,E08000008,Tameside
E01005959,E05000802,Ashton Waterloo,E08000008,Tameside
E01005960,E05000802,Ashton Waterloo,E08000008,Tameside
E01006112,E05000825,Clifford,E08000009,Trafford
E01006113,E05000825,Clifford,E08000009,Trafford
E01006114,E05000832,Longford,E08000009,Trafford
E01006115,E05000825,Clifford,E08000009,Trafford
E01006116,E05000826,Davyhulme East,E08000009,Trafford
E01006117,E05000826,Davyhulme East,E08000009,Trafford
E01006118,E05000826,Davyhulme East,E08000009,Trafford
E01006119,E05000826,Davyhulme East,E08000009,Trafford
E01006120,E05000826,Davyhulme East,E08000009,Trafford
E01006121,E05000826,Davyhulme East,E08000009,Trafford
E01006122,E05000827,Davyhulme West,E08000009,Trafford
E01006123,E05000827,Davyhulme West,E08000009,Trafford
E01006124,E05000827,Davyhulme West,E08000009,Trafford
E01006125,E05000827,Davyhulme West,E08000009,Trafford
E01006126,E05000827,Davyhulme West,E08000009,Trafford
E01006127,E05000827,Davyhulme West,E08000009,Trafford
E01006128,E05000828,Flixton,E08000009,Trafford
E01006129,E05000828,Flixton,E08000009,Trafford
E01006130,E05000828,Flixton,E08000009,Trafford
E01006131,E05000828,Flixton,E08000009,Trafford
E01006132,E05000828,Flixton,E08000009,Trafford
E01006133,E05000828,Flixton,E08000009,Trafford
E01006134,E05000830,Hale Barns,E08000009,Trafford
E01006135,E05000830,Hale Barns,E08000009,Trafford
E01006136,E05000830,Hale Barns,E08000009,Trafford
E01006137,E05000830,Hale Barns,E08000009,Trafford
E01006138,E05000830,Hale Barns,E08000009,Trafford
E01006139,E05000831,Hale Central,E08000009,Trafford
E01006140,E05000831,Hale Central,E08000009,Trafford
E01006141,E05000832,Longford,E08000009,Trafford
E01006142,E05000832,Longford,E08000009,Trafford
E01006143,E05000832,Longford,E08000009,Trafford
E01006144,E05000836,Stretford,E08000009,Trafford
E01006145,E05000832,Longford,E08000009,Trafford
E01006146,E05000832,Longford,E08000009,Trafford
E01006147,E05000820,Ashton upon Mersey,E08000009,Trafford
E01006148,E05000820,Ashton upon Mersey,E08000009,Trafford
E01006149,E05000820,Ashton upon Mersey,E08000009,Trafford
E01006150,E05000820,Ashton upon Mersey,E08000009,Trafford
E01006151,E05000834,St Mary's,E08000009,Trafford
E01006152,E05000834,St Mary's,E08000009,Trafford
E01006153,E05000822,Broadheath,E08000009,Trafford
E01006154,E05000820,Ashton upon Mersey,E08000009,Trafford
E01006155,E05000838,Urmston,E08000009,Trafford
E01006156,E05000829,Gorse Hill,E08000009,Trafford
E01006157,E05000829,Gorse Hill,E08000009,Trafford
E01006158,E05000829,Gorse Hill,E08000009,Trafford
E01006159,E05000829,Gorse Hill,E08000009,Trafford
E01006160,E05000833,Priory,E08000009,Trafford
E01005862,E05000798,Reddish South,E08000007,Stockport
E01006061,E05000817,Stalybridge North,E08000008,Tameside
E01006062,E05000817,Stalybridge North,E08000008,Tameside
E01006063,E05000817,Stalybridge North,E08000008,Tameside
E01006064,E05000817,Stalybridge North,E08000008,Tameside
E01006065,E05000817,Stalybridge North,E08000008,Tameside
E01006066,E05000817,Stalybridge North,E08000008,Tameside
E01006067,E05000818,Stalybridge South,E08000008,Tameside
E01006068,E05000818,Stalybridge South,E08000008,Tameside
E01006069,E05000818,Stalybridge South,E08000008,Tameside
E01006070,E05000818,Stalybridge South,E08000008,Tameside
E01006071,E05000818,Stalybridge South,E08000008,Tameside
E01006072,E05000818,Stalybridge South,E08000008,Tameside
E01006073,E05000818,Stalybridge South,E08000008,Tameside
E01006074,E05000819,Altrincham,E08000009,Trafford
E01006075,E05000819,Altrincham,E08000009,Trafford
E01006076,E05000819,Altrincham,E08000009,Trafford
E01006077,E05000831,Hale Central,E08000009,Trafford
E01006078,E05000819,Altrincham,E08000009,Trafford
E01006079,E05000819,Altrincham,E08000009,Trafford
E01006080,E05000819,Altrincham,E08000009,Trafford
E01006081,E05000821,Bowdon,E08000009,Trafford
E01006082,E05000821,Bowdon,E08000009,Trafford
E01006083,E05000831,Hale Central,E08000009,Trafford
E01006084,E05000831,Hale Central,E08000009,Trafford
E01006085,E05000821,Bowdon,E08000009,Trafford
E01006086,E05000821,Bowdon,E08000009,Trafford
E01006087,E05000821,Bowdon,E08000009,Trafford
E01006088,E05000831,Hale Central,E08000009,Trafford
E01006089,E05000822,Broadheath,E08000009,Trafford
E01006090,E05000822,Broadheath,E08000009,Trafford
E01006091,E05000822,Broadheath,E08000009,Trafford
E01006092,E05000822,Broadheath,E08000009,Trafford
E01006093,E05000822,Broadheath,E08000009,Trafford
E01006094,E05000822,Broadheath,E08000009,Trafford
E01006095,E05000834,St Mary's,E08000009,Trafford
E01006096,E05000822,Broadheath,E08000009,Trafford
E01006097,E05000823,Brooklands,E08000009,Trafford
E01006098,E05000823,Brooklands,E08000009,Trafford
E01006099,E05000823,Brooklands,E08000009,Trafford
E01006100,E05000823,Brooklands,E08000009,Trafford
E01006101,E05000823,Brooklands,E08000009,Trafford
E01006102,E05000823,Brooklands,E08000009,Trafford
E01006103,E05000823,Brooklands,E08000009,Trafford
E01006104,E05000824,Bucklow-St Martins,E08000009,Trafford
E01006105,E05000824,Bucklow-St Martins,E08000009,Trafford
E01006106,E05000824,Bucklow-St Martins,E08000009,Trafford
E01006107,E05000824,Bucklow-St Martins,E08000009,Trafford
E01006108,E05000824,Bucklow-St Martins,E08000009,Trafford
E01006109,E05000825,Clifford,E08000009,Trafford
E01006110,E05000825,Clifford,E08000009,Trafford
E01005863,E05000791,Heatons North,E08000007,Stockport
E01006011,E05000809,Dukinfield,E08000008,Tameside
E01005961,E05000803,Audenshaw,E08000008,Tameside
E01005864,E05000791,Heatons North,E08000007,Stockport
E01005865,E05000791,Heatons North,E08000007,Stockport
E01005866,E05000791,Heatons North,E08000007,Stockport
E01005867,E05000791,Heatons North,E08000007,Stockport
E01005868,E05000791,Heatons North,E08000007,Stockport
E01005869,E05000791,Heatons North,E08000007,Stockport
E01005870,E05000793,Manor,E08000007,Stockport
E01005871,E05000793,Manor,E08000007,Stockport
E01005872,E05000793,Manor,E08000007,Stockport
E01005873,E05000793,Manor,E08000007,Stockport
E01005874,E05000793,Manor,E08000007,Stockport
E01005875,E05000793,Manor,E08000007,Stockport
E01005876,E05000793,Manor,E08000007,Stockport
E01005877,E05000793,Manor,E08000007,Stockport
E01005878,E05000794,Marple North,E08000007,Stockport
E01005879,E05000795,Marple South and High Lane,E08000007,Stockport
E01005880,E05000794,Marple North,E08000007,Stockport
E01005881,E05000794,Marple North,E08000007,Stockport
E01005882,E05000794,Marple North,E08000007,Stockport
E01005883,E05000794,Marple North,E08000007,Stockport
E01005884,E05000794,Marple North,E08000007,Stockport
E01005885,E05000794,Marple North,E08000007,Stockport
E01005886,E05000797,Reddish North,E08000007,Stockport
E01005887,E05000797,Reddish North,E08000007,Stockport
E01005888,E05000797,Reddish North,E08000007,Stockport
E01005889,E05000797,Reddish North,E08000007,Stockport
E01005890,E05000797,Reddish North,E08000007,Stockport
E01005891,E05000797,Reddish North,E08000007,Stockport
E01005892,E05000798,Reddish South,E08000007,Stockport
E01005893,E05000797,Reddish North,E08000007,Stockport
E01005894,E05000797,Reddish North,E08000007,Stockport
E01005895,E05000798,Reddish South,E08000007,Stockport
E01005896,E05000797,Reddish North,E08000007,Stockport
E01005897,E05000782,Bredbury Green and Romiley,E08000007,Stockport
E01005898,E05000782,Bredbury Green and Romiley,E08000007,Stockport
E01005899,E05000782,Bredbury Green and Romiley,E08000007,Stockport
E01005900,E05000782,Bredbury Green and Romiley,E08000007,Stockport
E01005901,E05000782,Bredbury Green and Romiley,E08000007,Stockport
E01005902,E05000782,Bredbury Green and Romiley,E08000007,Stockport
E01005903,E05000782,Bredbury Green and Romiley,E08000007,Stockport
E01005904,E05000782,Bredbury Green and Romiley,E08000007,Stockport
E01005905,E05000782,Bredbury Green and Romiley,E08000007,Stockport
E01005906,E05000795,Marple South and High Lane,E08000007,Stockport
E01005907,E05000795,Marple South and High Lane,E08000007,Stockport
E01005908,E05000794,Marple North,E08000007,Stockport
E01005909,E05000795,Marple South and High Lane,E08000007,Stockport
E01005910,E05000795,Marple South and High Lane,E08000007,Stockport
E01005962,E05000803,Audenshaw,E08000008,Tameside
E01005963,E05000803,Audenshaw,E08000008,Tameside
E01005964,E05000803,Audenshaw,E08000008,Tameside
E01005965,E05000816,St Peter's,E08000008,Tameside
E01005966,E05000803,Audenshaw,E08000008,Tameside
E01005967,E05000803,Audenshaw,E08000008,Tameside
E01005968,E05000803,Audenshaw,E08000008,Tameside
E01005969,E05000803,Audenshaw,E08000008,Tameside
E01005970,E05000804,Denton North East,E08000008,Tameside
E01005971,E05000804,Denton North East,E08000008,Tameside
E01005972,E05000804,Denton North East,E08000008,Tameside
E01005973,E05000804,Denton North East,E08000008,Tameside
E01005974,E05000804,Denton North East,E08000008,Tameside
E01005975,E05000806,Denton West,E08000008,Tameside
E01005976,E05000804,Denton North East,E08000008,Tameside
E01005977,E05000804,Denton North East,E08000008,Tameside
E01005978,E05000805,Denton South,E08000008,Tameside
E01005979,E05000805,Denton South,E08000008,Tameside
E01005980,E05000805,Denton South,E08000008,Tameside
E01005981,E05000805,Denton South,E08000008,Tameside
E01005982,E05000805,Denton South,E08000008,Tameside
E01005983,E05000805,Denton South,E08000008,Tameside
E01005984,E05000805,Denton South,E08000008,Tameside
E01005985,E05000806,Denton West,E08000008,Tameside
E01005986,E05000806,Denton West,E08000008,Tameside
E01005987,E05000806,Denton West,E08000008,Tameside
E01005988,E05000806,Denton West,E08000008,Tameside
E01005989,E05000806,Denton West,E08000008,Tameside
E01005990,E05000806,Denton West,E08000008,Tameside
E01005991,E05000806,Denton West,E08000008,Tameside
E01005992,E05000806,Denton West,E08000008,Tameside
E01005993,E05000807,Droylsden East,E08000008,Tameside
E01005994,E05000808,Droylsden West,E08000008,Tameside
E01005995,E05000807,Droylsden East,E08000008,Tameside
E01005996,E05000807,Droylsden East,E08000008,Tameside
E01005997,E05000807,Droylsden East,E08000008,Tameside
E01005998,E05000807,Droylsden East,E08000008,Tameside
E01005999,E05000807,Droylsden East,E08000008,Tameside
E01006000,E05000807,Droylsden East,E08000008,Tameside
E01006001,E05000808,Droylsden West,E08000008,Tameside
E01006002,E05000808,Droylsden West,E08000008,Tameside
E01006003,E05000808,Droylsden West,E08000008,Tameside
E01006004,E05000808,Droylsden West,E08000008,Tameside
E01006005,E05000808,Droylsden West,E08000008,Tameside
E01006006,E05000808,Droylsden West,E08000008,Tameside
E01006007,E05000808,Droylsden West,E08000008,Tameside
E01006008,E05000809,Dukinfield,E08000008,Tameside
E01006012,E05000809,Dukinfield,E08000008,Tameside
E01006009,E05000809,Dukinfield,E08000008,Tameside
E01006010,E05000809,Dukinfield,E08000008,Tameside
E01006013,E05000810,Dukinfield Stalybridge,E08000008,Tameside
E01006014,E05000809,Dukinfield,E08000008,Tameside
E01006015,E05000809,Dukinfield,E08000008,Tameside
E01006016,E05000809,Dukinfield,E08000008,Tameside
E01006017,E05000810,Dukinfield Stalybridge,E08000008,Tameside
E01006018,E05000810,Dukinfield Stalybridge,E08000008,Tameside
E01006019,E05000810,Dukinfield Stalybridge,E08000008,Tameside
E01006020,E05000810,Dukinfield Stalybridge,E08000008,Tameside
E01006021,E05000810,Dukinfield Stalybridge,E08000008,Tameside
E01006022,E05000810,Dukinfield Stalybridge,E08000008,Tameside
E01006023,E05000810,Dukinfield Stalybridge,E08000008,Tameside
E01006024,E05000811,Hyde Godley,E08000008,Tameside
E01006025,E05000811,Hyde Godley,E08000008,Tameside
E01006026,E05000811,Hyde Godley,E08000008,Tameside
E01006027,E05000811,Hyde Godley,E08000008,Tameside
E01006028,E05000811,Hyde Godley,E08000008,Tameside
E01006029,E05000811,Hyde Godley,E08000008,Tameside
E01006030,E05000811,Hyde Godley,E08000008,Tameside
E01006031,E05000812,Hyde Newton,E08000008,Tameside
E01006032,E05000812,Hyde Newton,E08000008,Tameside
E01006033,E05000812,Hyde Newton,E08000008,Tameside
E01006034,E05000812,Hyde Newton,E08000008,Tameside
E01006035,E05000812,Hyde Newton,E08000008,Tameside
E01006036,E05000812,Hyde Newton,E08000008,Tameside
E01006037,E05000812,Hyde Newton,E08000008,Tameside
E01006038,E05000812,Hyde Newton,E08000008,Tameside
E01006039,E05000813,Hyde Werneth,E08000008,Tameside
E01006040,E05000813,Hyde Werneth,E08000008,Tameside
E01006041,E05000813,Hyde Werneth,E08000008,Tameside
E01006042,E05000813,Hyde Werneth,E08000008,Tameside
E01006043,E05000813,Hyde Werneth,E08000008,Tameside
E01006044,E05000813,Hyde Werneth,E08000008,Tameside
E01006045,E05000813,Hyde Werneth,E08000008,Tameside
E01006046,E05000813,Hyde Werneth,E08000008,Tameside
E01006047,E05000814,Longdendale,E08000008,Tameside
E01006048,E05000814,Longdendale,E08000008,Tameside
E01006049,E05000814,Longdendale,E08000008,Tameside
E01006050,E05000814,Longdendale,E08000008,Tameside
E01006051,E05000814,Longdendale,E08000008,Tameside
E01006052,E05000814,Longdendale,E08000008,Tameside
E01006053,E05000815,Mossley,E08000008,Tameside
E01006054,E05000815,Mossley,E08000008,Tameside
E01006055,E05000815,Mossley,E08000008,Tameside
E01006056,E05000815,Mossley,E08000008,Tameside
E01006057,E05000815,Mossley,E08000008,Tameside
E01006058,E05000815,Mossley,E08000008,Tameside
E01006059,E05000815,Mossley,E08000008,Tameside
E01006060,E05000817,Stalybridge North,E08000008,Tameside
E01006161,E05000833,Priory,E08000009,Trafford
E01006162,E05000833,Priory,E08000009,Trafford
E01006163,E05000833,Priory,E08000009,Trafford
E01006164,E05000833,Priory,E08000009,Trafford
E01006165,E05000833,Priory,E08000009,Trafford
E01006166,E05000834,St Mary's,E08000009,Trafford
E01006167,E05000834,St Mary's,E08000009,Trafford
E01006168,E05000834,St Mary's,E08000009,Trafford
E01006169,E05000820,Ashton upon Mersey,E08000009,Trafford
E01006170,E05000820,Ashton upon Mersey,E08000009,Trafford
E01006171,E05000824,Bucklow-St Martins,E08000009,Trafford
E01006172,E05000834,St Mary's,E08000009,Trafford
E01006173,E05000835,Sale Moor,E08000009,Trafford
E01006174,E05000835,Sale Moor,E08000009,Trafford
E01006175,E05000835,Sale Moor,E08000009,Trafford
E01006176,E05000835,Sale Moor,E08000009,Trafford
E01006177,E05000835,Sale Moor,E08000009,Trafford
E01006178,E05000835,Sale Moor,E08000009,Trafford
E01006179,E05000836,Stretford,E08000009,Trafford
E01006180,E05000836,Stretford,E08000009,Trafford
E01006181,E05000836,Stretford,E08000009,Trafford
E01006182,E05000836,Stretford,E08000009,Trafford
E01006183,E05000836,Stretford,E08000009,Trafford
E01006184,E05000838,Urmston,E08000009,Trafford
E01006185,E05000825,Clifford,E08000009,Trafford
E01006186,E05000829,Gorse Hill,E08000009,Trafford
E01006187,E05000829,Gorse Hill,E08000009,Trafford
E01006188,E05000832,Longford,E08000009,Trafford
E01006189,E05000829,Gorse Hill,E08000009,Trafford
E01006190,E05000837,Timperley,E08000009,Trafford
E01006191,E05000837,Timperley,E08000009,Trafford
E01006192,E05000837,Timperley,E08000009,Trafford
E01006193,E05000837,Timperley,E08000009,Trafford
E01006194,E05000831,Hale Central,E08000009,Trafford
E01006195,E05000837,Timperley,E08000009,Trafford
E01006196,E05000837,Timperley,E08000009,Trafford
E01006197,E05000838,Urmston,E08000009,Trafford
E01006198,E05000838,Urmston,E08000009,Trafford
E01006199,E05000838,Urmston,E08000009,Trafford
E01006200,E05000838,Urmston,E08000009,Trafford
E01006201,E05000838,Urmston,E08000009,Trafford
E01006202,E05000838,Urmston,E08000009,Trafford
E01006203,E05000828,Flixton,E08000009,Trafford
E01006204,E05000839,Village,E08000009,Trafford
E01006205,E05000839,Village,E08000009,Trafford
E01006206,E05000839,Village,E08000009,Trafford
E01006207,E05000839,Village,E08000009,Trafford
E01006208,E05000839,Village,E08000009,Trafford
E01006209,E05000839,Village,E08000009,Trafford
E01006210,E05000839,Village,E08000009,Trafford
E01006361,E05000857,Pemberton,E08000010,Wigan
E01006362,E05000856,Orrell,E08000010,Wigan
E01006363,E05000856,Orrell,E08000010,Wigan
E01006364,E05000856,Orrell,E08000010,Wigan
E01006365,E05000856,Orrell,E08000010,Wigan
E01006366,E05000856,Orrell,E08000010,Wigan
E01006367,E05000856,Orrell,E08000010,Wigan
E01006368,E05000856,Orrell,E08000010,Wigan
E01006369,E05000862,Wigan West,E08000010,Wigan
E01006370,E05000861,Wigan Central,E08000010,Wigan
E01006371,E05000862,Wigan West,E08000010,Wigan
E01006372,E05000861,Wigan Central,E08000010,Wigan
E01006373,E05000861,Wigan Central,E08000010,Wigan
E01006374,E05000861,Wigan Central,E08000010,Wigan
E01006375,E05000861,Wigan Central,E08000010,Wigan
E01006376,E05000843,Astley Mosley Common,E08000010,Wigan
E01006377,E05000860,Tyldesley,E08000010,Wigan
E01006378,E05000860,Tyldesley,E08000010,Wigan
E01006379,E05000843,Astley Mosley Common,E08000010,Wigan
E01006380,E05000843,Astley Mosley Common,E08000010,Wigan
E01006381,E05000860,Tyldesley,E08000010,Wigan
E01006382,E05000843,Astley Mosley Common,E08000010,Wigan
E01006383,E05000843,Astley Mosley Common,E08000010,Wigan
E01006384,E05000843,Astley Mosley Common,E08000010,Wigan
E01006385,E05000843,Astley Mosley Common,E08000010,Wigan
E01006386,E05000861,Wigan Central,E08000010,Wigan
E01006387,E05000861,Wigan Central,E08000010,Wigan
E01006388,E05000842,Aspull New Springs Whelley,E08000010,Wigan
E01006389,E05000842,Aspull New Springs Whelley,E08000010,Wigan
E01006390,E05000861,Wigan Central,E08000010,Wigan
E01006391,E05000842,Aspull New Springs Whelley,E08000010,Wigan
E01006392,E05000851,Ince,E08000010,Wigan
E01006393,E05000863,Winstanley,E08000010,Wigan
E01006394,E05000863,Winstanley,E08000010,Wigan
E01006395,E05000863,Winstanley,E08000010,Wigan
E01006396,E05000857,Pemberton,E08000010,Wigan
E01006397,E05000857,Pemberton,E08000010,Wigan
E01006398,E05000857,Pemberton,E08000010,Wigan
E01006399,E05000857,Pemberton,E08000010,Wigan
E01006400,E05000863,Winstanley,E08000010,Wigan
E01006401,E05000863,Winstanley,E08000010,Wigan
E01006402,E05000863,Winstanley,E08000010,Wigan
E01006403,E05000863,Winstanley,E08000010,Wigan
E01006404,E05000864,Worsley Mesnes,E08000010,Wigan
E01006405,E05000864,Worsley Mesnes,E08000010,Wigan
E01006406,E05000864,Worsley Mesnes,E08000010,Wigan
E01006407,E05000864,Worsley Mesnes,E08000010,Wigan
E01006408,E05000864,Worsley Mesnes,E08000010,Wigan
E01006409,E05000864,Worsley Mesnes,E08000010,Wigan
E01006410,E05000864,Worsley Mesnes,E08000010,Wigan
E01006211,E05000839,Village,E08000009,Trafford
E01006212,E05000840,Abram,E08000010,Wigan
E01006213,E05000840,Abram,E08000010,Wigan
E01006214,E05000840,Abram,E08000010,Wigan
E01006215,E05000840,Abram,E08000010,Wigan
E01006216,E05000840,Abram,E08000010,Wigan
E01006217,E05000840,Abram,E08000010,Wigan
E01006218,E05000840,Abram,E08000010,Wigan
E01006219,E05000840,Abram,E08000010,Wigan
E01006220,E05000841,Ashton,E08000010,Wigan
E01006221,E05000841,Ashton,E08000010,Wigan
E01006222,E05000841,Ashton,E08000010,Wigan
E01006223,E05000841,Ashton,E08000010,Wigan
E01006224,E05000841,Ashton,E08000010,Wigan
E01006225,E05000841,Ashton,E08000010,Wigan
E01006226,E05000841,Ashton,E08000010,Wigan
E01006227,E05000848,Golborne and Lowton West,E08000010,Wigan
E01006228,E05000848,Golborne and Lowton West,E08000010,Wigan
E01006229,E05000859,Standish with Langtree,E08000010,Wigan
E01006230,E05000859,Standish with Langtree,E08000010,Wigan
E01006231,E05000842,Aspull New Springs Whelley,E08000010,Wigan
E01006232,E05000842,Aspull New Springs Whelley,E08000010,Wigan
E01006233,E05000859,Standish with Langtree,E08000010,Wigan
E01006234,E05000842,Aspull New Springs Whelley,E08000010,Wigan
E01006235,E05000842,Aspull New Springs Whelley,E08000010,Wigan
E01006236,E05000842,Aspull New Springs Whelley,E08000010,Wigan
E01006237,E05000859,Standish with Langtree,E08000010,Wigan
E01006238,E05000859,Standish with Langtree,E08000010,Wigan
E01006239,E05000845,Atherton,E08000010,Wigan
E01006240,E05000845,Atherton,E08000010,Wigan
E01006241,E05000845,Atherton,E08000010,Wigan
E01006242,E05000845,Atherton,E08000010,Wigan
E01006243,E05000844,Atherleigh,E08000010,Wigan
E01006244,E05000844,Atherleigh,E08000010,Wigan
E01006245,E05000844,Atherleigh,E08000010,Wigan
E01006246,E05000853,Leigh South,E08000010,Wigan
E01006247,E05000853,Leigh South,E08000010,Wigan
E01006248,E05000852,Leigh East,E08000010,Wigan
E01006249,E05000852,Leigh East,E08000010,Wigan
E01006250,E05000843,Astley Mosley Common,E08000010,Wigan
E01006251,E05000843,Astley Mosley Common,E08000010,Wigan
E01006252,E05000852,Leigh East,E08000010,Wigan
E01006253,E05000862,Wigan West,E08000010,Wigan
E01006254,E05000862,Wigan West,E08000010,Wigan
E01006255,E05000862,Wigan West,E08000010,Wigan
E01006256,E05000862,Wigan West,E08000010,Wigan
E01006257,E05000862,Wigan West,E08000010,Wigan
E01006258,E05000862,Wigan West,E08000010,Wigan
E01006259,E05000858,Shevington with Lower Ground,E08000010,Wigan
E01006260,E05000862,Wigan West,E08000010,Wigan
E01006411,E05000864,Worsley Mesnes,E08000010,Wigan
E01006261,E05000846,Bryn,E08000010,Wigan
E01006262,E05000846,Bryn,E08000010,Wigan
E01006263,E05000846,Bryn,E08000010,Wigan
E01006264,E05000846,Bryn,E08000010,Wigan
E01006265,E05000846,Bryn,E08000010,Wigan
E01006266,E05000846,Bryn,E08000010,Wigan
E01006267,E05000846,Bryn,E08000010,Wigan
E01006268,E05000846,Bryn,E08000010,Wigan
E01006269,E05000849,Hindley,E08000010,Wigan
E01006270,E05000849,Hindley,E08000010,Wigan
E01006271,E05000849,Hindley,E08000010,Wigan
E01006272,E05000849,Hindley,E08000010,Wigan
E01006273,E05000849,Hindley,E08000010,Wigan
E01006274,E05000849,Hindley,E08000010,Wigan
E01006275,E05000849,Hindley,E08000010,Wigan
E01006276,E05000849,Hindley,E08000010,Wigan
E01006277,E05000850,Hindley Green,E08000010,Wigan
E01006278,E05000850,Hindley Green,E08000010,Wigan
E01006279,E05000850,Hindley Green,E08000010,Wigan
E01006280,E05000850,Hindley Green,E08000010,Wigan
E01006281,E05000850,Hindley Green,E08000010,Wigan
E01006282,E05000854,Leigh West,E08000010,Wigan
E01006283,E05000854,Leigh West,E08000010,Wigan
E01006284,E05000854,Leigh West,E08000010,Wigan
E01006285,E05000850,Hindley Green,E08000010,Wigan
E01006286,E05000850,Hindley Green,E08000010,Wigan
E01006287,E05000845,Atherton,E08000010,Wigan
E01006288,E05000860,Tyldesley,E08000010,Wigan
E01006289,E05000845,Atherton,E08000010,Wigan
E01006290,E05000845,Atherton,E08000010,Wigan
E01006291,E05000845,Atherton,E08000010,Wigan
E01006292,E05000845,Atherton,E08000010,Wigan
E01006293,E05000860,Tyldesley,E08000010,Wigan
E01006294,E05000860,Tyldesley,E08000010,Wigan
E01006295,E05000860,Tyldesley,E08000010,Wigan
E01006296,E05000853,Leigh South,E08000010,Wigan
E01006297,E05000853,Leigh South,E08000010,Wigan
E01006298,E05000853,Leigh South,E08000010,Wigan
E01006299,E05000853,Leigh South,E08000010,Wigan
E01006300,E05000853,Leigh South,E08000010,Wigan
E01006301,E05000853,Leigh South,E08000010,Wigan
E01006302,E05000855,Lowton East,E08000010,Wigan
E01006303,E05000855,Lowton East,E08000010,Wigan
E01006304,E05000855,Lowton East,E08000010,Wigan
E01006305,E05000851,Ince,E08000010,Wigan
E01006306,E05000851,Ince,E08000010,Wigan
E01006307,E05000851,Ince,E08000010,Wigan
E01006308,E05000851,Ince,E08000010,Wigan
E01006309,E05000851,Ince,E08000010,Wigan
E01006310,E05000851,Ince,E08000010,Wigan
E01006311,E05000851,Ince,E08000010,Wigan
E01006312,E05000858,Shevington with Lower Ground,E08000010,Wigan
E01006313,E05000858,Shevington with Lower Ground,E08000010,Wigan
E01006314,E05000858,Shevington with Lower Ground,E08000010,Wigan
E01006315,E05000859,Standish with Langtree,E08000010,Wigan
E01006316,E05000858,Shevington with Lower Ground,E08000010,Wigan
E01006317,E05000859,Standish with Langtree,E08000010,Wigan
E01006318,E05000858,Shevington with Lower Ground,E08000010,Wigan
E01006319,E05000859,Standish with Langtree,E08000010,Wigan
E01006320,E05000858,Shevington with Lower Ground,E08000010,Wigan
E01006321,E05000858,Shevington with Lower Ground,E08000010,Wigan
E01006322,E05000854,Leigh West,E08000010,Wigan
E01006323,E05000854,Leigh West,E08000010,Wigan
E01006324,E05000854,Leigh West,E08000010,Wigan
E01006325,E05000854,Leigh West,E08000010,Wigan
E01006326,E05000854,Leigh West,E08000010,Wigan
E01006327,E05000854,Leigh West,E08000010,Wigan
E01006328,E05000854,Leigh West,E08000010,Wigan
E01006329,E05000840,Abram,E08000010,Wigan
E01006330,E05000852,Leigh East,E08000010,Wigan
E01006331,E05000852,Leigh East,E08000010,Wigan
E01006332,E05000852,Leigh East,E08000010,Wigan
E01006333,E05000852,Leigh East,E08000010,Wigan
E01006334,E05000854,Leigh West,E08000010,Wigan
E01006335,E05000853,Leigh South,E08000010,Wigan
E01006336,E05000844,Atherleigh,E08000010,Wigan
E01006337,E05000844,Atherleigh,E08000010,Wigan
E01006338,E05000844,Atherleigh,E08000010,Wigan
E01006339,E05000848,Golborne and Lowton West,E08000010,Wigan
E01006340,E05000848,Golborne and Lowton West,E08000010,Wigan
E01006341,E05000855,Lowton East,E08000010,Wigan
E01006342,E05000848,Golborne and Lowton West,E08000010,Wigan
E01006343,E05000855,Lowton East,E08000010,Wigan
E01006344,E05000848,Golborne and Lowton West,E08000010,Wigan
E01006345,E05000855,Lowton East,E08000010,Wigan
E01006346,E05000848,Golborne and Lowton West,E08000010,Wigan
E01006347,E05000855,Lowton East,E08000010,Wigan
E01006348,E05000855,Lowton East,E08000010,Wigan
E01006349,E05000847,Douglas,E08000010,Wigan
E01006350,E05000847,Douglas,E08000010,Wigan
E01006351,E05000847,Douglas,E08000010,Wigan
E01006352,E05000847,Douglas,E08000010,Wigan
E01006353,E05000847,Douglas,E08000010,Wigan
E01006354,E05000847,Douglas,E08000010,Wigan
E01006355,E05000847,Douglas,E08000010,Wigan
E01006356,E05000857,Pemberton,E08000010,Wigan
E01006357,E05000857,Pemberton,E08000010,Wigan
E01006358,E05000857,Pemberton,E08000010,Wigan
E01006359,E05000847,Douglas,E08000010,Wigan
E01006360,E05000857,Pemberton,E08000010,Wigan
E01004766,E05000650,Astley Bridge,E08000001,Bolton
E01004767,E05000654,Crompton,E08000001,Bolton
E01004768,E05000650,Astley Bridge,E08000001,Bolton
E01004769,E05000650,Astley Bridge,E08000001,Bolton
E01004770,E05000650,Astley Bridge,E08000001,Bolton
E01004771,E05000650,Astley Bridge,E08000001,Bolton
E01004772,E05000650,Astley Bridge,E08000001,Bolton
E01004773,E05000650,Astley Bridge,E08000001,Bolton
E01004774,E05000650,Astley Bridge,E08000001,Bolton
E01004775,E05000659,Heaton and Lostock,E08000001,Bolton
E01004776,E05000668,Westhoughton North and Chew Moor,E08000001,Bolton
E01004777,E05000660,Horwich and Blackrod,E08000001,Bolton
E01004778,E05000660,Horwich and Blackrod,E08000001,Bolton
E01004779,E05000660,Horwich and Blackrod,E08000001,Bolton
E01004780,E05000660,Horwich and Blackrod,E08000001,Bolton
E01004781,E05000660,Horwich and Blackrod,E08000001,Bolton
E01004782,E05000660,Horwich and Blackrod,E08000001,Bolton
E01004783,E05000660,Horwich and Blackrod,E08000001,Bolton
E01004784,E05000651,Bradshaw,E08000001,Bolton
E01004785,E05000652,Breightmet,E08000001,Bolton
E01004786,E05000651,Bradshaw,E08000001,Bolton
E01004787,E05000652,Breightmet,E08000001,Bolton
E01004788,E05000651,Bradshaw,E08000001,Bolton
E01004789,E05000651,Bradshaw,E08000001,Bolton
E01004790,E05000651,Bradshaw,E08000001,Bolton
E01004791,E05000651,Bradshaw,E08000001,Bolton
E01004792,E05000651,Bradshaw,E08000001,Bolton
E01004793,E05000652,Breightmet,E08000001,Bolton
E01004794,E05000651,Bradshaw,E08000001,Bolton
E01004795,E05000652,Breightmet,E08000001,Bolton
E01004796,E05000652,Breightmet,E08000001,Bolton
E01004797,E05000652,Breightmet,E08000001,Bolton
E01004798,E05000652,Breightmet,E08000001,Bolton
E01004799,E05000652,Breightmet,E08000001,Bolton
E01004800,E05000652,Breightmet,E08000001,Bolton
E01004801,E05000652,Breightmet,E08000001,Bolton
E01004802,E05000654,Crompton,E08000001,Bolton
E01004803,E05000653,Bromley Cross,E08000001,Bolton
E01004804,E05000653,Bromley Cross,E08000001,Bolton
E01004805,E05000653,Bromley Cross,E08000001,Bolton
E01004806,E05000653,Bromley Cross,E08000001,Bolton
E01004807,E05000653,Bromley Cross,E08000001,Bolton
E01004808,E05000653,Bromley Cross,E08000001,Bolton
E01004809,E05000653,Bromley Cross,E08000001,Bolton
E01004810,E05000653,Bromley Cross,E08000001,Bolton
E01004811,E05000656,Great Lever,E08000001,Bolton
E01004812,E05000656,Great Lever,E08000001,Bolton
E01004813,E05000656,Great Lever,E08000001,Bolton
E01004814,E05000655,Farnworth,E08000001,Bolton
E01004815,E05000656,Great Lever,E08000001,Bolton
E01004816,E05000656,Great Lever,E08000001,Bolton
E01004817,E05000656,Great Lever,E08000001,Bolton
E01004818,E05000667,Tonge with the Haulgh,E08000001,Bolton
E01004819,E05000667,Tonge with the Haulgh,E08000001,Bolton
E01004820,E05000657,Halliwell,E08000001,Bolton
E01004822,E05000654,Crompton,E08000001,Bolton
E01004823,E05000657,Halliwell,E08000001,Bolton
E01004824,E05000654,Crompton,E08000001,Bolton
E01004875,E05000658,Harper Green,E08000001,Bolton
E01004876,E05000658,Harper Green,E08000001,Bolton
E01004877,E05000658,Harper Green,E08000001,Bolton
E01004878,E05000658,Harper Green,E08000001,Bolton
E01004879,E05000658,Harper Green,E08000001,Bolton
E01004880,E05000658,Harper Green,E08000001,Bolton
E01004881,E05000660,Horwich and Blackrod,E08000001,Bolton
E01004882,E05000661,Horwich North East,E08000001,Bolton
E01004883,E05000661,Horwich North East,E08000001,Bolton
E01004884,E05000661,Horwich North East,E08000001,Bolton
E01004885,E05000661,Horwich North East,E08000001,Bolton
E01004886,E05000661,Horwich North East,E08000001,Bolton
E01004887,E05000661,Horwich North East,E08000001,Bolton
E01004888,E05000661,Horwich North East,E08000001,Bolton
E01004889,E05000661,Horwich North East,E08000001,Bolton
E01004890,E05000661,Horwich North East,E08000001,Bolton
E01004891,E05000668,Westhoughton North and Chew Moor,E08000001,Bolton
E01004892,E05000662,Hulton,E08000001,Bolton
E01004893,E05000668,Westhoughton North and Chew Moor,E08000001,Bolton
E01004894,E05000668,Westhoughton North and Chew Moor,E08000001,Bolton
E01004895,E05000668,Westhoughton North and Chew Moor,E08000001,Bolton
E01004896,E05000662,Hulton,E08000001,Bolton
E01004897,E05000659,Heaton and Lostock,E08000001,Bolton
E01004899,E05000668,Westhoughton North and Chew Moor,E08000001,Bolton
E01004900,E05000662,Hulton,E08000001,Bolton
E01004901,E05000668,Westhoughton North and Chew Moor,E08000001,Bolton
E01004902,E05000663,Kearsley,E08000001,Bolton
E01004903,E05000663,Kearsley,E08000001,Bolton
E01004904,E05000663,Kearsley,E08000001,Bolton
E01004905,E05000663,Kearsley,E08000001,Bolton
E01004906,E05000663,Kearsley,E08000001,Bolton
E01004907,E05000663,Kearsley,E08000001,Bolton
E01004908,E05000663,Kearsley,E08000001,Bolton
E01004909,E05000663,Kearsley,E08000001,Bolton
E01004910,E05000663,Kearsley,E08000001,Bolton
E01004911,E05000664,Little Lever and Darcy Lever,E08000001,Bolton
E01004912,E05000664,Little Lever and Darcy Lever,E08000001,Bolton
E01004913,E05000664,Little Lever and Darcy Lever,E08000001,Bolton
E01004914,E05000664,Little Lever and Darcy Lever,E08000001,Bolton
E01004915,E05000664,Little Lever and Darcy Lever,E08000001,Bolton
E01004916,E05000664,Little Lever and Darcy Lever,E08000001,Bolton
E01004917,E05000664,Little Lever and Darcy Lever,E08000001,Bolton
E01004918,E05000664,Little Lever and Darcy Lever,E08000001,Bolton
E01004919,E05000666,Smithills,E08000001,Bolton
E01004920,E05000666,Smithills,E08000001,Bolton
E01004921,E05000666,Smithills,E08000001,Bolton
E01004922,E05000666,Smithills,E08000001,Bolton
E01004923,E05000666,Smithills,E08000001,Bolton
E01004924,E05000666,Smithills,E08000001,Bolton
E01004925,E05000666,Smithills,E08000001,Bolton
E01004825,E05000654,Crompton,E08000001,Bolton
E01004826,E05000654,Crompton,E08000001,Bolton
E01004827,E05000665,Rumworth,E08000001,Bolton
E01004828,E05000665,Rumworth,E08000001,Bolton
E01004829,E05000665,Rumworth,E08000001,Bolton
E01004830,E05000662,Hulton,E08000001,Bolton
E01004831,E05000662,Hulton,E08000001,Bolton
E01004832,E05000662,Hulton,E08000001,Bolton
E01004833,E05000662,Hulton,E08000001,Bolton
E01004834,E05000665,Rumworth,E08000001,Bolton
E01004835,E05000659,Heaton and Lostock,E08000001,Bolton
E01004836,E05000659,Heaton and Lostock,E08000001,Bolton
E01004837,E05000659,Heaton and Lostock,E08000001,Bolton
E01004838,E05000662,Hulton,E08000001,Bolton
E01004839,E05000662,Hulton,E08000001,Bolton
E01004840,E05000666,Smithills,E08000001,Bolton
E01004841,E05000666,Smithills,E08000001,Bolton
E01004842,E05000659,Heaton and Lostock,E08000001,Bolton
E01004843,E05000659,Heaton and Lostock,E08000001,Bolton
E01004844,E05000659,Heaton and Lostock,E08000001,Bolton
E01004845,E05000659,Heaton and Lostock,E08000001,Bolton
E01004846,E05000656,Great Lever,E08000001,Bolton
E01004847,E05000656,Great Lever,E08000001,Bolton
E01004848,E05000656,Great Lever,E08000001,Bolton
E01004849,E05000665,Rumworth,E08000001,Bolton
E01004850,E05000665,Rumworth,E08000001,Bolton
E01004851,E05000665,Rumworth,E08000001,Bolton
E01004852,E05000656,Great Lever,E08000001,Bolton
E01004853,E05000665,Rumworth,E08000001,Bolton
E01004854,E05000665,Rumworth,E08000001,Bolton
E01004855,E05000655,Farnworth,E08000001,Bolton
E01004856,E05000655,Farnworth,E08000001,Bolton
E01004857,E05000655,Farnworth,E08000001,Bolton
E01004858,E05000655,Farnworth,E08000001,Bolton
E01004859,E05000655,Farnworth,E08000001,Bolton
E01004860,E05000655,Farnworth,E08000001,Bolton
E01004861,E05000655,Farnworth,E08000001,Bolton
E01004862,E05000655,Farnworth,E08000001,Bolton
E01004863,E05000655,Farnworth,E08000001,Bolton
E01004864,E05000654,Crompton,E08000001,Bolton
E01004865,E05000654,Crompton,E08000001,Bolton
E01004866,E05000657,Halliwell,E08000001,Bolton
E01004867,E05000654,Crompton,E08000001,Bolton
E01004868,E05000657,Halliwell,E08000001,Bolton
E01004869,E05000657,Halliwell,E08000001,Bolton
E01004870,E05000657,Halliwell,E08000001,Bolton
E01004871,E05000657,Halliwell,E08000001,Bolton
E01004872,E05000655,Farnworth,E08000001,Bolton
E01004873,E05000658,Harper Green,E08000001,Bolton
E01004874,E05000658,Harper Green,E08000001,Bolton
E01005135,E05000693,Charlestown,E08000003,Manchester
E01005136,E05000705,Higher Blackley,E08000003,Manchester
E01005138,E05000693,Charlestown,E08000003,Manchester
E01005139,E05000693,Charlestown,E08000003,Manchester
E01005140,E05000698,Crumpsall,E08000003,Manchester
E01005141,E05000693,Charlestown,E08000003,Manchester
E01005142,E05000694,Cheetham,E08000003,Manchester
E01005143,E05000694,Cheetham,E08000003,Manchester
E01005145,E05000694,Cheetham,E08000003,Manchester
E01005146,E05000694,Cheetham,E08000003,Manchester
E01005147,E05000694,Cheetham,E08000003,Manchester
E01005149,E05000694,Cheetham,E08000003,Manchester
E01005150,E05000695,Chorlton,E08000003,Manchester
E01005151,E05000695,Chorlton,E08000003,Manchester
E01005152,E05000695,Chorlton,E08000003,Manchester
E01005153,E05000695,Chorlton,E08000003,Manchester
E01005154,E05000696,Chorlton Park,E08000003,Manchester
E01005155,E05000695,Chorlton,E08000003,Manchester
E01005156,E05000696,Chorlton Park,E08000003,Manchester
E01005157,E05000695,Chorlton,E08000003,Manchester
E01005158,E05000696,Chorlton Park,E08000003,Manchester
E01005159,E05000695,Chorlton,E08000003,Manchester
E01005160,E05000705,Higher Blackley,E08000003,Manchester
E01005161,E05000698,Crumpsall,E08000003,Manchester
E01005162,E05000698,Crumpsall,E08000003,Manchester
E01005163,E05000698,Crumpsall,E08000003,Manchester
E01005164,E05000698,Crumpsall,E08000003,Manchester
E01005165,E05000698,Crumpsall,E08000003,Manchester
E01005166,E05000698,Crumpsall,E08000003,Manchester
E01005167,E05000698,Crumpsall,E08000003,Manchester
E01005168,E05000699,Didsbury East,E08000003,Manchester
E01005169,E05000699,Didsbury East,E08000003,Manchester
E01005170,E05000699,Didsbury East,E08000003,Manchester
E01005171,E05000699,Didsbury East,E08000003,Manchester
E01005172,E05000700,Didsbury West,E08000003,Manchester
E01005173,E05000700,Didsbury West,E08000003,Manchester
E01005174,E05000699,Didsbury East,E08000003,Manchester
E01005175,E05000699,Didsbury East,E08000003,Manchester
E01005176,E05000699,Didsbury East,E08000003,Manchester
E01005177,E05000700,Didsbury West,E08000003,Manchester
E01005178,E05000701,Fallowfield,E08000003,Manchester
E01005179,E05000716,Whalley Range,E08000003,Manchester
E01005180,E05000701,Fallowfield,E08000003,Manchester
E01005181,E05000701,Fallowfield,E08000003,Manchester
E01005182,E05000701,Fallowfield,E08000003,Manchester
E01005183,E05000701,Fallowfield,E08000003,Manchester
E01005184,E05000701,Fallowfield,E08000003,Manchester
E01005185,E05000701,Fallowfield,E08000003,Manchester
E01005186,E05000702,Gorton North,E08000003,Manchester
E01005187,E05000702,Gorton North,E08000003,Manchester
E01004926,E05000667,Tonge with the Haulgh,E08000001,Bolton
E01004927,E05000667,Tonge with the Haulgh,E08000001,Bolton
E01004928,E05000667,Tonge with the Haulgh,E08000001,Bolton
E01004929,E05000667,Tonge with the Haulgh,E08000001,Bolton
E01004930,E05000667,Tonge with the Haulgh,E08000001,Bolton
E01004931,E05000667,Tonge with the Haulgh,E08000001,Bolton
E01004932,E05000667,Tonge with the Haulgh,E08000001,Bolton
E01004933,E05000669,Westhoughton South,E08000001,Bolton
E01004934,E05000669,Westhoughton South,E08000001,Bolton
E01004935,E05000669,Westhoughton South,E08000001,Bolton
E01004936,E05000669,Westhoughton South,E08000001,Bolton
E01004937,E05000669,Westhoughton South,E08000001,Bolton
E01004938,E05000669,Westhoughton South,E08000001,Bolton
E01004939,E05000669,Westhoughton South,E08000001,Bolton
E01004940,E05000669,Westhoughton South,E08000001,Bolton
E01004941,E05000670,Besses,E08000002,Bury
E01004942,E05000670,Besses,E08000002,Bury
E01004943,E05000670,Besses,E08000002,Bury
E01004944,E05000670,Besses,E08000002,Bury
E01004945,E05000670,Besses,E08000002,Bury
E01004946,E05000670,Besses,E08000002,Bury
E01004947,E05000671,Church,E08000002,Bury
E01004948,E05000671,Church,E08000002,Bury
E01004949,E05000671,Church,E08000002,Bury
E01004950,E05000671,Church,E08000002,Bury
E01004951,E05000671,Church,E08000002,Bury
E01004952,E05000671,Church,E08000002,Bury
E01004953,E05000671,Church,E08000002,Bury
E01004954,E05000672,East,E08000002,Bury
E01004955,E05000672,East,E08000002,Bury
E01004956,E05000675,Moorside,E08000002,Bury
E01004957,E05000672,East,E08000002,Bury
E01004958,E05000672,East,E08000002,Bury
E01004959,E05000672,East,E08000002,Bury
E01004960,E05000675,Moorside,E08000002,Bury
E01004961,E05000673,Elton,E08000002,Bury
E01004962,E05000673,Elton,E08000002,Bury
E01004963,E05000685,Tottington,E08000002,Bury
E01004964,E05000673,Elton,E08000002,Bury
E01004965,E05000673,Elton,E08000002,Bury
E01004966,E05000673,Elton,E08000002,Bury
E01004967,E05000673,Elton,E08000002,Bury
E01004968,E05000673,Elton,E08000002,Bury
E01004969,E05000674,Holyrood,E08000002,Bury
E01004970,E05000674,Holyrood,E08000002,Bury
E01004971,E05000674,Holyrood,E08000002,Bury
E01004972,E05000674,Holyrood,E08000002,Bury
E01004973,E05000674,Holyrood,E08000002,Bury
E01004974,E05000674,Holyrood,E08000002,Bury
E01004975,E05000674,Holyrood,E08000002,Bury
E01005188,E05000702,Gorton North,E08000003,Manchester
E01005189,E05000702,Gorton North,E08000003,Manchester
E01005190,E05000702,Gorton North,E08000003,Manchester
E01005191,E05000702,Gorton North,E08000003,Manchester
E01005192,E05000703,Gorton South,E08000003,Manchester
E01005193,E05000703,Gorton South,E08000003,Manchester
E01005194,E05000703,Gorton South,E08000003,Manchester
E01005195,E05000703,Gorton South,E08000003,Manchester
E01005196,E05000703,Gorton South,E08000003,Manchester
E01005197,E05000703,Gorton South,E08000003,Manchester
E01005198,E05000703,Gorton South,E08000003,Manchester
E01005199,E05000703,Gorton South,E08000003,Manchester
E01005200,E05000703,Gorton South,E08000003,Manchester
E01005201,E05000702,Gorton North,E08000003,Manchester
E01005202,E05000704,Harpurhey,E08000003,Manchester
E01005203,E05000704,Harpurhey,E08000003,Manchester
E01005205,E05000704,Harpurhey,E08000003,Manchester
E01005206,E05000704,Harpurhey,E08000003,Manchester
E01005207,E05000704,Harpurhey,E08000003,Manchester
E01005208,E05000706,Hulme,E08000003,Manchester
E01005209,E05000710,Moss Side,E08000003,Manchester
E01005210,E05000706,Hulme,E08000003,Manchester
E01005212,E05000706,Hulme,E08000003,Manchester
E01005213,E05000706,Hulme,E08000003,Manchester
E01005214,E05000706,Hulme,E08000003,Manchester
E01005215,E05000707,Levenshulme,E08000003,Manchester
E01005216,E05000707,Levenshulme,E08000003,Manchester
E01005217,E05000707,Levenshulme,E08000003,Manchester
E01005218,E05000707,Levenshulme,E08000003,Manchester
E01005219,E05000707,Levenshulme,E08000003,Manchester
E01005220,E05000703,Gorton South,E08000003,Manchester
E01005221,E05000707,Levenshulme,E08000003,Manchester
E01005222,E05000707,Levenshulme,E08000003,Manchester
E01005223,E05000704,Harpurhey,E08000003,Manchester
E01005224,E05000704,Harpurhey,E08000003,Manchester
E01005225,E05000711,Moston,E08000003,Manchester
E01005226,E05000711,Moston,E08000003,Manchester
E01005227,E05000704,Harpurhey,E08000003,Manchester
E01005228,E05000711,Moston,E08000003,Manchester
E01005229,E05000711,Moston,E08000003,Manchester
E01005230,E05000708,Longsight,E08000003,Manchester
E01005231,E05000708,Longsight,E08000003,Manchester
E01005232,E05000702,Gorton North,E08000003,Manchester
E01005233,E05000708,Longsight,E08000003,Manchester
E01005234,E05000708,Longsight,E08000003,Manchester
E01005235,E05000708,Longsight,E08000003,Manchester
E01005236,E05000708,Longsight,E08000003,Manchester
E01005237,E05000708,Longsight,E08000003,Manchester
E01005238,E05000708,Longsight,E08000003,Manchester
E01005239,E05000688,Ardwick,E08000003,Manchester
E01004976,E05000675,Moorside,E08000002,Bury
E01004977,E05000675,Moorside,E08000002,Bury
E01004978,E05000675,Moorside,E08000002,Bury
E01004979,E05000675,Moorside,E08000002,Bury
E01004980,E05000675,Moorside,E08000002,Bury
E01004981,E05000676,North Manor,E08000002,Bury
E01004982,E05000676,North Manor,E08000002,Bury
E01004983,E05000677,Pilkington Park,E08000002,Bury
E01004984,E05000677,Pilkington Park,E08000002,Bury
E01004985,E05000677,Pilkington Park,E08000002,Bury
E01004986,E05000677,Pilkington Park,E08000002,Bury
E01004987,E05000686,Unsworth,E08000002,Bury
E01004988,E05000686,Unsworth,E08000002,Bury
E01004989,E05000677,Pilkington Park,E08000002,Bury
E01004990,E05000680,Radcliffe West,E08000002,Bury
E01004991,E05000678,Radcliffe East,E08000002,Bury
E01004992,E05000678,Radcliffe East,E08000002,Bury
E01004993,E05000678,Radcliffe East,E08000002,Bury
E01004994,E05000678,Radcliffe East,E08000002,Bury
E01004995,E05000680,Radcliffe West,E08000002,Bury
E01004996,E05000680,Radcliffe West,E08000002,Bury
E01004997,E05000678,Radcliffe East,E08000002,Bury
E01004998,E05000679,Radcliffe North,E08000002,Bury
E01004999,E05000678,Radcliffe East,E08000002,Bury
E01005000,E05000679,Radcliffe North,E08000002,Bury
E01005001,E05000679,Radcliffe North,E08000002,Bury
E01005002,E05000679,Radcliffe North,E08000002,Bury
E01005003,E05000679,Radcliffe North,E08000002,Bury
E01005004,E05000679,Radcliffe North,E08000002,Bury
E01005005,E05000679,Radcliffe North,E08000002,Bury
E01005006,E05000679,Radcliffe North,E08000002,Bury
E01005007,E05000677,Pilkington Park,E08000002,Bury
E01005008,E05000680,Radcliffe West,E08000002,Bury
E01005009,E05000678,Radcliffe East,E08000002,Bury
E01005010,E05000680,Radcliffe West,E08000002,Bury
E01005011,E05000677,Pilkington Park,E08000002,Bury
E01005012,E05000680,Radcliffe West,E08000002,Bury
E01005013,E05000680,Radcliffe West,E08000002,Bury
E01005014,E05000681,Ramsbottom,E08000002,Bury
E01005015,E05000681,Ramsbottom,E08000002,Bury
E01005016,E05000681,Ramsbottom,E08000002,Bury
E01005017,E05000681,Ramsbottom,E08000002,Bury
E01005018,E05000681,Ramsbottom,E08000002,Bury
E01005019,E05000681,Ramsbottom,E08000002,Bury
E01005020,E05000681,Ramsbottom,E08000002,Bury
E01005021,E05000681,Ramsbottom,E08000002,Bury
E01005022,E05000676,North Manor,E08000002,Bury
E01005023,E05000676,North Manor,E08000002,Bury
E01005024,E05000672,East,E08000002,Bury
E01005025,E05000682,Redvales,E08000002,Bury
E01032906,E05000770,Ordsall,E08000006,Salford
E01032907,E05000761,Broughton,E08000006,Salford
E01032909,E05000770,Ordsall,E08000006,Salford
E01032911,E05000770,Ordsall,E08000006,Salford
E01032912,E05000770,Ordsall,E08000006,Salford
E01032914,E05000770,Ordsall,E08000006,Salford
E01032915,E05000770,Ordsall,E08000006,Salford
E01032917,E05000770,Ordsall,E08000006,Salford
E01032919,E05000766,Irwell Riverside,E08000006,Salford
E01032920,E05000734,St James',E08000004,Oldham
E01032921,E05000738,Werneth,E08000004,Oldham
E01032922,E05000732,Saddleworth South,E08000004,Oldham
E01033217,E05000657,Halliwell,E08000001,Bolton
E01033218,E05000668,Westhoughton North and Chew Moor,E08000001,Bolton
E01033219,E05000668,Westhoughton North and Chew Moor,E08000001,Bolton
E01033220,E05000657,Halliwell,E08000001,Bolton
E01033258,E05000742,Central Rochdale,E08000005,Rochdale
E01033330,E05000766,Irwell Riverside,E08000006,Salford
E01033675,E05000694,Cheetham,E08000003,Manchester
E01033676,E05000694,Cheetham,E08000003,Manchester
E01033677,E05000697,City Centre,E08000003,Manchester
E01033678,E05000704,Harpurhey,E08000003,Manchester
E01033679,E05000704,Harpurhey,E08000003,Manchester
E01033680,E05000716,Whalley Range,E08000003,Manchester
E01033681,E05000697,City Centre,E08000003,Manchester
E01033682,E05000697,City Centre,E08000003,Manchester
E01033683,E05000697,City Centre,E08000003,Manchester
E01033684,E05000690,Bradford,E08000003,Manchester
E01033685,E05000693,Charlestown,E08000003,Manchester
E01033686,E05000716,Whalley Range,E08000003,Manchester
E01033687,E05000693,Charlestown,E08000003,Manchester
E01033688,E05000690,Bradford,E08000003,Manchester
E01033651,E05000687,Ancoats and Clayton,E08000003,Manchester
E01033652,E05000688,Ardwick,E08000003,Manchester
E01033653,E05000697,City Centre,E08000003,Manchester
E01033654,E05000697,City Centre,E08000003,Manchester
E01033655,E05000694,Cheetham,E08000003,Manchester
E01033656,E05000697,City Centre,E08000003,Manchester
E01033657,E05000688,Ardwick,E08000003,Manchester
E01033658,E05000697,City Centre,E08000003,Manchester
E01033659,E05000687,Ancoats and Clayton,E08000003,Manchester
E01033660,E05000706,Hulme,E08000003,Manchester
E01033661,E05000687,Ancoats and Clayton,E08000003,Manchester
E01033662,E05000697,City Centre,E08000003,Manchester
E01033663,E05000690,Bradford,E08000003,Manchester
E01033664,E05000687,Ancoats and Clayton,E08000003,Manchester
E01033665,E05000694,Cheetham,E08000003,Manchester
E01033666,E05000690,Bradford,E08000003,Manchester
E01033667,E05000687,Ancoats and Clayton,E08000003,Manchester
E01033668,E05000687,Ancoats and Clayton,E08000003,Manchester
E01033669,E05000690,Bradford,E08000003,Manchester
E01033670,E05000696,Chorlton Park,E08000003,Manchester
E01033671,E05000696,Chorlton Park,E08000003,Manchester
E01033672,E05000706,Hulme,E08000003,Manchester
E01033673,E05000706,Hulme,E08000003,Manchester
E01033674,E05000694,Cheetham,E08000003,Manchester
E01032684,E05000766,Irwell Riverside,E08000006,Salford
E01032685,E05000770,Ordsall,E08000006,Salford
E01032686,E05000770,Ordsall,E08000006,Salford
E01032687,E05000770,Ordsall,E08000006,Salford
E01032556,E05000733,Saddleworth West and Lees,E08000004,Oldham
E01032557,E05000719,Alexandra,E08000004,Oldham
E01032558,E05000734,St James',E08000004,Oldham
E01032559,E05000734,St James',E08000004,Oldham
